PDB_ID_1,PDB_ID_2,NSWS,D2
1CDG,1CGT,0.7866154690071311,6.0
1CDG,2AAA,0.1308027699410105,22.0
1CDG,2EXO,0.020677255019478574,7.0
1AMY,1CDG,0.0500201694231545,8.0
1CDG,1CYG,0.6856271112564019,7.0
1CDG,1PPI,0.05285908361121403,6.0
1CDG,1XAS,0.01756511205330103,5.0
1CDG,1XYS,0.021620063418852694,5.0
1CDG,1CIU,0.7322679509632224,9.0
1CDG,2AMG,0.06079747335175681,8.0
1CDG,5ABP,0.017591750075826508,13.0
1CDG,1PEA,0.011942785724204971,7.0
1CDG,3GBP,0.021619975639464068,17.0
1CDG,1DBP,0.018459579885423297,9.0
1CDG,2LIV,0.014053579270970576,6.0
1CDG,2LBP,0.015142690739662202,9.0
1ADG,1CDG,0.01611079706048615,6.0
1CDG,3ADK,0.013390557939914163,6.0
1CDG,1UKY,0.015582655826558265,9.0
1AK2,1CDG,0.013091147111765669,9.0
1AKY,1CDG,0.015904572564612324,8.0
1CDG,2RAN,0.0155203895313451,19.0
1AII,1CDG,0.015601560156015602,5.0
1ALA,1CDG,0.0190447400241838,5.0
1AIN,1CDG,0.014285714285714285,15.0
1ANN,1CDG,0.01782477341389728,18.0
1CDG,2PLT,0.017980107115531753,10.0
1CDG,3PCY,0.014911106862932517,17.0
1CDG,7PCY,0.023722976850966138,10.0
1AAJ,1CDG,0.020064357372704903,7.0
1CDG,1PAZ,0.019717261904761904,17.0
1CDG,1PMY,0.01629026286560533,9.0
1CDG,1JER,0.015867291741795887,10.0
1CDG,1ZIA,0.017397741995187857,11.0
1CDG,9PCY,0.017952635599694424,14.0
1CDG,1PLB,0.02029484970323569,8.0
1CDG,1NIN,0.017444065225635193,10.0
1CDG,1PAL,0.014823261117445839,10.0
1CDG,4CPV,0.01596047881436443,10.0
1CDG,4TNC,0.018817681519616547,10.0
1CDG,5PAL,0.016260162601626018,5.0
1CDG,1OMD,0.02383204085492718,5.0
1CDG,1REC,0.0186693822131704,10.0
1CDG,1CLB,0.013825794983211535,5.0
1CDG,1CTR,0.014092140921409214,7.0
1CDG,2SAS,0.021854191565647944,14.0
1CDG,1PE6,0.020418244689609746,5.0
1AEC,1CDG,0.021364009860312245,7.0
1CDG,1PPO,0.022697368421052633,13.0
1CDG,1YAL,0.017716535433070866,21.0
1CDG,1CSU,0.01653203080969378,7.0
1CDG,1HRC,0.015515610217596973,11.0
1CDG,3C2C,0.015060240963855422,8.0
1CCR,1CDG,0.016476315296760906,9.0
1CDG,1CXC,0.01694915254237288,10.0
155C,1CDG,0.016305354826755606,12.0
1CDG,1CRY,0.022259950952650442,16.0
1CDG,3DFR,0.014801762114537445,11.0
1CDG,8DFR,0.018150684931506848,11.0
1CDG,1DYR,0.014760147601476014,11.0
1CDG,1DLR,0.016452442159383032,15.0
1CDG,1CRB,0.017429193899782137,9.0
1CDG,1HMR,0.01991150442477876,7.0
1CDG,1ICN,0.017689331122166942,17.0
1CDG,1MDC,0.01733038348082596,29.0
1ALB,1CDG,0.026543778801843318,6.0
1CBQ,1CDG,0.015716374269005847,8.0
1CDG,1EAL,0.019234325873867208,8.0
1CDG,1FRD,0.01450381679389313,19.0
1CDG,2PIA,0.01837037037037037,15.0
1CDG,1DOX,0.013014354066985647,15.0
1CDG,1ROE,0.01375883814255685,8.0
1CDG,1DOI,0.015745148297326986,7.0
1CDG,4FXC,0.014509354715540282,8.0
1CDG,3FX2,0.019410496046010063,17.0
1CDG,1FLV,0.017850892544627232,12.0
1CDG,1OFV,0.01680672268907563,12.0
1CDG,2FRC,0.015515610217596973,11.0
1CDG,1FLA,0.021462349945434705,14.0
1CDG,5FD1,0.014917024053701287,10.0
1CDG,1FDN,0.01282822208859491,10.0
1CDG,1FXD,0.011616262767875024,5.0
1BLU,1CDG,0.01082753286929621,6.0
1CDG,1ROF,0.014767511474755537,5.0
1CDG,1CLF,0.016857314870559904,5.0
1CDG,2SPL,0.015013404825737266,8.0
1CDG,3MBA,0.0199203187250996,8.0
1ASH,1CDG,0.015280739161336177,13.0
1CDG,1ECN,0.022291247944454595,11.0
1CDG,1FLP,0.01847826086956522,20.0
1CDG,1GDJ,0.01730977280923188,6.0
1CDG,1HBG,0.024205202312138727,17.0
1CDG,1HSA,0.008639308855291577,9.0
1CDG,1LHS,0.01324977618621307,9.0
1CDG,1MYT,0.014852381814888608,11.0
1CDG,2LHB,0.019522776572668113,7.0
1CDG,1HLM,0.01639344262295082,8.0
1CDG,1HLB,0.017911517105498837,10.0
1CDG,1ENH,0.014201663623453034,12.0
1CDG,1FTZ,0.017456853798849436,13.0
1CDG,1HDP,0.016416416416416415,13.0
1CDG,1OCP,0.017881978939002584,12.0
1CDG,1POU,0.015844721727074667,6.0
1CDG,1FTT,0.013902681231380337,10.0
1CDG,1VND,0.01215686274509804,9.0
1CDG,1CLH,0.017587055926837847,10.0
1CDG,1GRG,0.015247447990696472,15.0
1CDG,1NHR,0.01552047096601552,18.0
1CDG,1LVL,0.014000792497688548,18.0
1CDG,1TDF,0.015963855421686747,10.0
1CDG,1VDC,0.01804733727810651,16.0
1CGT,2AAA,0.13347102104040273,16.0
1CGT,2EXO,0.022044390759474557,7.0
1AMY,1CGT,0.04765773084213377,6.0
1CGT,1CYG,0.6697348235809775,7.0
1CGT,1PPI,0.04598558289833458,6.0
1CGT,1XAS,0.02258507553792156,3.0
1CGT,1XYS,0.025264992013939305,7.0
1CGT,1CIU,0.7308750687947165,9.0
1CGT,2AMG,0.06597774244833068,8.0
1CGT,5ABP,0.01711753018493046,11.0
1CGT,1PEA,0.013426573426573427,5.0
1CGT,3GBP,0.03038207764308731,13.0
1CGT,1DBP,0.01732712979303706,7.0
1CGT,2LIV,0.014749262536873156,4.0
1CGT,2LBP,0.013789056769840106,7.0
1ADG,1CGT,0.017366548042704627,6.0
1CGT,3ADK,0.014201593349497749,6.0
1CGT,1UKY,0.015035024773620365,9.0
1AK2,1CGT,0.015511551155115511,7.0
1AKY,1CGT,0.014703425229741019,6.0
1CGT,2RAN,0.015335071308081583,15.0
1AII,1CGT,0.019349962207105064,5.0
1ALA,1CGT,0.014927646610814927,3.0
1AIN,1CGT,0.012865676213815286,15.0
1ANN,1CGT,0.016440858578170195,16.0
1CGT,2PLT,0.01583928916360827,8.0
1CGT,3PCY,0.01698841698841699,15.0
1CGT,7PCY,0.02125193199381762,10.0
1AAJ,1CGT,0.017966360856269112,11.0
1CGT,1PAZ,0.018028169014084508,15.0
1CGT,1PMY,0.01457671463277892,7.0
1CGT,1JER,0.020746132848043677,6.0
1CGT,1ZIA,0.017563527653213753,7.0
1CGT,9PCY,0.017743490838958535,12.0
1CGT,1PLB,0.016627996906419182,8.0
1CGT,1NIN,0.014168102623013594,10.0
1CGT,1PAL,0.01535213970447131,8.0
1CGT,4CPV,0.014965464313123561,14.0
1CGT,4TNC,0.016123253314224293,10.0
1CGT,5PAL,0.014891179839633447,5.0
1CGT,1OMD,0.022536287242169595,5.0
1CGT,1REC,0.014723506248929978,10.0
1CGT,1CLB,0.017557861133280128,5.0
1CGT,1CTR,0.01823486506199854,7.0
1CGT,2SAS,0.022390630382363073,10.0
1CGT,1PE6,0.01893058784456991,3.0
1AEC,1CGT,0.0195558501823003,5.0
1CGT,1PPO,0.014927848731132858,9.0
1CGT,1YAL,0.01488833746898263,19.0
1CGT,1CSU,0.01669195751138088,5.0
1CGT,1HRC,0.014902560183416125,9.0
1CGT,3C2C,0.023949819425964646,6.0
1CCR,1CGT,0.02003780718336484,9.0
1CGT,1CXC,0.01710991259066394,10.0
155C,1CGT,0.016086793864571642,12.0
1CGT,1CRY,0.022476190476190476,14.0
1CGT,3DFR,0.017780938833570414,13.0
1CGT,8DFR,0.01796510623596476,9.0
1CGT,1DYR,0.01556420233463035,9.0
1CGT,1DLR,0.019363762102351315,13.0
1CGT,1CRB,0.014293567894447499,9.0
1CGT,1HMR,0.021589428624604504,5.0
1CGT,1ICN,0.019717261904761904,13.0
1CGT,1MDC,0.020472734040573235,21.0
1ALB,1CGT,0.023074060290286566,6.0
1CBQ,1CGT,0.014388489208633094,8.0
1CGT,1EAL,0.018297236743838687,6.0
1CGT,1FRD,0.016573520909616498,17.0
1CGT,2PIA,0.01522615315718764,13.0
1CGT,1DOX,0.014302280633938926,11.0
1CGT,1ROE,0.015438054805094558,8.0
1CGT,1DOI,0.014045462945851045,7.0
1CGT,4FXC,0.014652014652014652,6.0
1CGT,3FX2,0.02212951206239797,15.0
1CGT,1FLV,0.01907116369415504,10.0
1CGT,1OFV,0.01695813460519343,10.0
1CGT,2FRC,0.014902560183416125,9.0
1CGT,1FLA,0.018725904167431615,12.0
1CGT,5FD1,0.013930722891566265,8.0
1CGT,1FDN,0.012555690562980963,10.0
1CGT,1FXD,0.012950222581950627,5.0
1BLU,1CGT,0.010935364186682289,6.0
1CGT,1ROF,0.011693548387096775,5.0
1CGT,1CLF,0.0170316301703163,3.0
1CGT,2SPL,0.016233766233766232,6.0
1CGT,3MBA,0.020471577408152076,6.0
1ASH,1CGT,0.01506186121570737,11.0
1CGT,1ECN,0.02028771670970122,9.0
1CGT,1FLP,0.023770341927226185,16.0
1CGT,1GDJ,0.01492265696087352,6.0
1CGT,1HBG,0.016773017319963536,15.0
1CGT,1HSA,0.008735531775496833,7.0
1CGT,1LHS,0.013010480664980123,7.0
1CGT,1MYT,0.015722120658135285,9.0
1CGT,2LHB,0.017879948914431672,5.0
1CGT,1HLM,0.016184139543247617,6.0
1CGT,1HLB,0.019884309472161965,8.0
1CGT,1ENH,0.018040180401804017,10.0
1CGT,1FTZ,0.016432865731462926,11.0
1CGT,1HDP,0.013349514563106795,9.0
1CGT,1OCP,0.017663588920112404,10.0
1CGT,1POU,0.015606242496998799,4.0
1CGT,1FTT,0.014847512038523275,8.0
1CGT,1VND,0.013468013468013467,7.0
1CGT,1CLH,0.017391304347826087,8.0
1CGT,1GRG,0.01716961498439126,13.0
1CGT,1NHR,0.015627104944092685,18.0
1CGT,1LVL,0.014893617021276596,18.0
1CGT,1TDF,0.014873273637881317,10.0
1CGT,1VDC,0.0202712773885825,12.0
2AAA,2EXO,0.026385224274406333,19.0
1AMY,2AAA,0.06920415224913495,16.0
1CYG,2AAA,0.12780125496222308,17.0
1PPI,2AAA,0.04696091544063011,18.0
1XAS,2AAA,0.03705118411000764,17.0
1XYS,2AAA,0.020466786355475764,21.0
1CIU,2AAA,0.14263645726055613,23.0
2AAA,2AMG,0.08184882041405873,22.0
2AAA,5ABP,0.024492920015308076,25.0
1PEA,2AAA,0.017486713526487226,17.0
2AAA,3GBP,0.029615384615384616,21.0
1DBP,2AAA,0.01871440195280716,19.0
2AAA,2LIV,0.01757276221856123,16.0
2AAA,2LBP,0.021454545454545455,19.0
1ADG,2AAA,0.016468114926419062,16.0
2AAA,3ADK,0.02198788422705856,20.0
1UKY,2AAA,0.02072310405643739,23.0
1AK2,2AAA,0.017710309930423784,19.0
1AKY,2AAA,0.01970865467009426,16.0
2AAA,2RAN,0.017678708685626442,19.0
1AII,2AAA,0.015855039637599093,17.0
1ALA,2AAA,0.01524390243902439,17.0
1AIN,2AAA,0.01841903300076746,25.0
1ANN,2AAA,0.022086824067022087,24.0
2AAA,2PLT,0.019689119170984457,22.0
2AAA,3PCY,0.021227025627750452,23.0
2AAA,7PCY,0.025395180098471106,22.0
1AAJ,2AAA,0.017879948914431672,23.0
1PAZ,2AAA,0.020459081836327345,23.0
1PMY,2AAA,0.01983143282102132,19.0
1JER,2AAA,0.026807084729535663,18.0
1ZIA,2AAA,0.02379182156133829,23.0
2AAA,9PCY,0.01861427094105481,28.0
1PLB,2AAA,0.0191958495460441,22.0
1NIN,2AAA,0.01894521249359959,20.0
1PAL,2AAA,0.019517205957883924,22.0
2AAA,4CPV,0.01797175866495507,30.0
2AAA,4TNC,0.029073856975381007,22.0
2AAA,5PAL,0.020913032389696506,17.0
1OMD,2AAA,0.021944373564684868,17.0
1REC,2AAA,0.020778072502210435,20.0
1CLB,2AAA,0.016238159675236806,19.0
1CTR,2AAA,0.025437964962802977,19.0
2AAA,2SAS,0.019603475161505905,10.0
1PE6,2AAA,0.01955366631243358,17.0
1AEC,2AAA,0.025863896544413824,15.0
1PPO,2AAA,0.019949066213921902,7.0
1YAL,2AAA,0.020727580372250424,21.0
1CSU,2AAA,0.022756005056890013,15.0
1HRC,2AAA,0.018381414347715088,17.0
2AAA,3C2C,0.02028397565922921,14.0
1CCR,2AAA,0.021646111250943872,17.0
1CXC,2AAA,0.01921182266009852,18.0
155C,2AAA,0.018366840407048897,16.0
1CRY,2AAA,0.020340706839562676,22.0
2AAA,3DFR,0.01950313443231948,23.0
2AAA,8DFR,0.02101967799642218,19.0
1DYR,2AAA,0.01872006965607314,17.0
1DLR,2AAA,0.016565927915827176,25.0
1CRB,2AAA,0.023671497584541065,17.0
1HMR,2AAA,0.02465483234714004,17.0
1ICN,2AAA,0.025129342202512936,19.0
1MDC,2AAA,0.02465483234714004,23.0
1ALB,2AAA,0.022676854818831648,18.0
1CBQ,2AAA,0.025828460038986353,16.0
1EAL,2AAA,0.01931171081950978,16.0
1FRD,2AAA,0.021177685950413222,27.0
2AAA,2PIA,0.0189520624303233,21.0
1DOX,2AAA,0.024371273010111487,15.0
1ROE,2AAA,0.018628719275549807,16.0
1DOI,2AAA,0.021983390327308255,15.0
2AAA,4FXC,0.025322997416020673,14.0
2AAA,3FX2,0.0219256434699714,21.0
1FLV,2AAA,0.026231017027151405,20.0
1OFV,2AAA,0.02716390423572744,20.0
2AAA,2FRC,0.018381414347715088,17.0
1FLA,2AAA,0.018401937046004842,22.0
2AAA,5FD1,0.01902377972465582,20.0
1FDN,2AAA,0.01988400994200497,18.0
1FXD,2AAA,0.03144827586206896,19.0
1BLU,2AAA,0.021556256572029444,18.0
1ROF,2AAA,0.017018940433708482,19.0
1CLF,2AAA,0.02268326417704011,17.0
2AAA,2SPL,0.017033356990773598,14.0
2AAA,3MBA,0.02455464612421762,18.0
1ASH,2AAA,0.01737089201877934,25.0
1ECN,2AAA,0.022898903775883068,21.0
1FLP,2AAA,0.023121387283236993,24.0
1GDJ,2AAA,0.020105313547151747,18.0
1HBG,2AAA,0.026871401151631478,27.0
1HSA,2AAA,0.008583690987124463,15.0
1LHS,2AAA,0.017548019919373964,15.0
1MYT,2AAA,0.024078979051288224,17.0
2AAA,2LHB,0.03073967339097022,15.0
1HLM,2AAA,0.017907634307257305,16.0
1HLB,2AAA,0.018505338078291814,14.0
1ENH,2AAA,0.017410839651783208,20.0
1FTZ,2AAA,0.016335420637081405,21.0
1HDP,2AAA,0.015991177281499864,19.0
1OCP,2AAA,0.018553888130968622,22.0
1POU,2AAA,0.021733224667209998,18.0
1FTT,2AAA,0.01636214889555495,18.0
1VND,2AAA,0.017684887459807074,17.0
1CLH,2AAA,0.020379805465493284,18.0
1GRG,2AAA,0.020091037513734106,21.0
1NHR,2AAA,0.0183426138224697,30.0
1LVL,2AAA,0.014509108495889086,30.0
1TDF,2AAA,0.018209408194233688,26.0
1VDC,2AAA,0.028560830860534125,28.0
1AMY,2EXO,0.032355915065722954,5.0
1CYG,2EXO,0.018848167539267015,4.0
1PPI,2EXO,0.020695807314897414,3.0
1XAS,2EXO,0.4907587548638132,4.0
1XYS,2EXO,0.2968960863697706,6.0
1CIU,2EXO,0.0201685731487056,8.0
2AMG,2EXO,0.031721167025651066,7.0
2EXO,5ABP,0.030716723549488054,12.0
1PEA,2EXO,0.025058398810787853,6.0
2EXO,3GBP,0.023552502453385672,14.0
1DBP,2EXO,0.027953586497890294,6.0
2EXO,2LIV,0.026273334869785666,5.0
2EXO,2LBP,0.028793418647166363,8.0
1ADG,2EXO,0.02225130890052356,5.0
2EXO,3ADK,0.027002700270027002,5.0
1UKY,2EXO,0.031652989449003514,6.0
1AK2,2EXO,0.02321083172147002,6.0
1AKY,2EXO,0.030474040632054177,3.0
2EXO,2RAN,0.023529411764705882,16.0
1AII,2EXO,0.02922855773838045,4.0
1ALA,2EXO,0.02133850630455868,4.0
1AIN,2EXO,0.03228962818003914,10.0
1ANN,2EXO,0.03827519379844961,17.0
2EXO,2PLT,0.023391812865497075,9.0
2EXO,3PCY,0.029937933552391383,14.0
2EXO,7PCY,0.029981718464351007,9.0
1AAJ,2EXO,0.027946972411322105,10.0
1PAZ,2EXO,0.026352288488210817,16.0
1PMY,2EXO,0.03230240549828179,8.0
1JER,2EXO,0.024885396201702686,9.0
1ZIA,2EXO,0.03297835795259361,12.0
2EXO,9PCY,0.02988338192419825,15.0
1PLB,2EXO,0.03515195898938118,7.0
1NIN,2EXO,0.028037383177570093,9.0
1PAL,2EXO,0.027436823104693142,11.0
2EXO,4CPV,0.04114038253338145,15.0
2EXO,4TNC,0.030563514804202482,9.0
2EXO,5PAL,0.03432248838040758,2.0
1OMD,2EXO,0.03005366726296959,4.0
1REC,2EXO,0.02235294117647059,9.0
1CLB,2EXO,0.044340723453908985,6.0
1CTR,2EXO,0.03286230693394676,6.0
2EXO,2SAS,0.02852897473997028,15.0
1PE6,2EXO,0.02234012845573862,4.0
1AEC,2EXO,0.02282215418870025,4.0
1PPO,2EXO,0.023968784838350056,10.0
1YAL,2EXO,0.023307436182019976,20.0
1CSU,2EXO,0.026139173436948077,6.0
1HRC,2EXO,0.02577873254564984,10.0
2EXO,3C2C,0.03333333333333333,5.0
1CCR,2EXO,0.02527202527202527,6.0
1CXC,2EXO,0.03474114441416894,7.0
155C,2EXO,0.028227194492254734,9.0
1CRY,2EXO,0.046279814880740476,15.0
2EXO,3DFR,0.027646874018221804,14.0
2EXO,8DFR,0.023894862604540025,10.0
1DYR,2EXO,0.022478386167146973,10.0
1DLR,2EXO,0.02572539635058331,14.0
1CRB,2EXO,0.02453580901856764,6.0
1HMR,2EXO,0.0286493860845839,6.0
1ICN,2EXO,0.027257240204429302,16.0
1MDC,2EXO,0.03137789904502047,28.0
1ALB,2EXO,0.0320490964882373,5.0
1CBQ,2EXO,0.03355704697986577,5.0
1EAL,2EXO,0.0274442538593482,7.0
1FRD,2EXO,0.03275109170305677,20.0
2EXO,2PIA,0.02160638797557539,14.0
1DOX,2EXO,0.03000365898280278,12.0
1ROE,2EXO,0.030645749726377236,5.0
1DOI,2EXO,0.028956228956228958,4.0
2EXO,4FXC,0.03641660597232338,5.0
2EXO,3FX2,0.027994791666666668,16.0
1FLV,2EXO,0.038485412787088766,11.0
1OFV,2EXO,0.03291925465838509,11.0
2EXO,2FRC,0.02577873254564984,10.0
1FLA,2EXO,0.04125083166999335,11.0
2EXO,5FD1,0.029258098223615466,9.0
1FDN,2EXO,0.0368442130556668,9.0
1FXD,2EXO,0.024790083966413436,4.0
1BLU,2EXO,0.03507462686567164,5.0
1ROF,2EXO,0.02461294164350933,4.0
1CLF,2EXO,0.026495383380168606,4.0
2EXO,2SPL,0.02513696422816629,5.0
2EXO,3MBA,0.031023102310231022,5.0
1ASH,2EXO,0.024872448979591837,14.0
1ECN,2EXO,0.030191211003019122,10.0
1FLP,2EXO,0.040290620871862616,19.0
1GDJ,2EXO,0.03274394237066143,5.0
1HBG,2EXO,0.03350854139290407,16.0
1HSA,2EXO,0.023386342376052385,6.0
1LHS,2EXO,0.02392499191723246,6.0
1MYT,2EXO,0.027071640805546384,8.0
2EXO,2LHB,0.031578947368421054,6.0
1HLM,2EXO,0.03205128205128205,7.0
1HLB,2EXO,0.03688126819799418,9.0
1ENH,2EXO,0.03200656544932294,11.0
1FTZ,2EXO,0.024323264025107885,12.0
1HDP,2EXO,0.026368357970435477,12.0
1OCP,2EXO,0.025974025974025976,11.0
1POU,2EXO,0.048494329292139225,5.0
1FTT,2EXO,0.026740070782540308,9.0
1VND,2EXO,0.02530674846625767,8.0
1CLH,2EXO,0.031308703819661866,9.0
1GRG,2EXO,0.025157232704402517,14.0
1NHR,2EXO,0.021678040947410677,17.0
1LVL,2EXO,0.0185075802323292,15.0
1TDF,2EXO,0.024108003857280617,11.0
1VDC,2EXO,0.022492970946579195,17.0
1AMY,1CYG,0.045381310418904405,7.0
1AMY,1PPI,0.0414572864321608,6.0
1AMY,1XAS,0.020512820512820513,5.0
1AMY,1XYS,0.02034939527740449,7.0
1AMY,1CIU,0.04833265829620629,9.0
1AMY,2AMG,0.1938671209540034,8.0
1AMY,5ABP,0.03247687564234327,9.0
1AMY,1PEA,0.02010233918128655,7.0
1AMY,3GBP,0.02851828890266584,17.0
1AMY,1DBP,0.024588364434687156,9.0
1AMY,2LIV,0.02391219129753038,6.0
1AMY,2LBP,0.020237400272426542,9.0
1ADG,1AMY,0.02019824200486254,6.0
1AMY,3ADK,0.01953125,6.0
1AMY,1UKY,0.022035928143712576,9.0
1AK2,1AMY,0.018712916476494753,9.0
1AKY,1AMY,0.022289296494079406,6.0
1AMY,2RAN,0.018170555440842454,19.0
1AII,1AMY,0.023901154547295928,5.0
1ALA,1AMY,0.022099447513812154,5.0
1AIN,1AMY,0.01937744794887652,15.0
1AMY,1ANN,0.024534859946841136,18.0
1AMY,2PLT,0.022292083452414974,12.0
1AMY,3PCY,0.020559680182752713,13.0
1AMY,7PCY,0.0274442538593482,10.0
1AAJ,1AMY,0.022509848058525603,11.0
1AMY,1PAZ,0.03783931998903208,17.0
1AMY,1PMY,0.02395861693438606,9.0
1AMY,1JER,0.022530783337699763,10.0
1AMY,1ZIA,0.03592814371257485,13.0
1AMY,9PCY,0.022241231822070145,16.0
1AMY,1PLB,0.027475672581568404,8.0
1AMY,1NIN,0.020310296191819465,10.0
1AMY,1PAL,0.02547410133031418,10.0
1AMY,4CPV,0.024335031126202604,16.0
1AMY,4TNC,0.0235655737704918,10.0
1AMY,5PAL,0.021348314606741574,5.0
1AMY,1OMD,0.023608768971332208,5.0
1AMY,1REC,0.022099447513812154,10.0
1AMY,1CLB,0.021595680863827234,7.0
1AMY,1CTR,0.02837624802942722,7.0
1AMY,2SAS,0.02567829457364341,12.0
1AMY,1PE6,0.029465930018416207,5.0
1AEC,1AMY,0.030303030303030304,7.0
1AMY,1PPO,0.0266605378074006,9.0
1AMY,1YAL,0.029768719945042363,21.0
1AMY,1CSU,0.02337228714524207,7.0
1AMY,1HRC,0.021934758155230598,11.0
1AMY,3C2C,0.024002232765838682,8.0
1AMY,1CCR,0.024363233665559248,9.0
1AMY,1CXC,0.026493646931603138,10.0
155C,1AMY,0.023446019629225736,10.0
1AMY,1CRY,0.020156774916013438,16.0
1AMY,3DFR,0.021287379624936646,15.0
1AMY,8DFR,0.022378983215762586,11.0
1AMY,1DYR,0.022678951098511695,11.0
1AMY,1DLR,0.022406234778373113,15.0
1AMY,1CRB,0.02646202699126753,9.0
1AMY,1HMR,0.020568335588633288,7.0
1AMY,1ICN,0.02541914548404543,15.0
1AMY,1MDC,0.02543978349120433,23.0
1ALB,1AMY,0.021103896103896104,6.0
1AMY,1CBQ,0.027250868287469945,6.0
1AMY,1EAL,0.03534529635671561,8.0
1AMY,1FRD,0.026203360865850185,19.0
1AMY,2PIA,0.024297948615813584,13.0
1AMY,1DOX,0.02459954233409611,13.0
1AMY,1ROE,0.01997716894977169,8.0
1AMY,1DOI,0.02678810608090008,7.0
1AMY,4FXC,0.024508406953548018,8.0
1AMY,3FX2,0.022946544980443285,17.0
1AMY,1FLV,0.023588456712672522,12.0
1AMY,1OFV,0.025608837559628422,12.0
1AMY,2FRC,0.021934758155230598,11.0
1AMY,1FLA,0.020695144600689837,14.0
1AMY,5FD1,0.025866813428728673,10.0
1AMY,1FDN,0.029447852760736196,10.0
1AMY,1FXD,0.02022058823529412,5.0
1AMY,1BLU,0.020331106593087424,6.0
1AMY,1ROF,0.020719073735527116,5.0
1AMY,1CLF,0.01843884449907806,5.0
1AMY,2SPL,0.020693222969477496,8.0
1AMY,3MBA,0.030055365146322174,8.0
1AMY,1ASH,0.01846627340343678,15.0
1AMY,1ECN,0.025106837606837608,9.0
1AMY,1FLP,0.03218148245845423,16.0
1AMY,1GDJ,0.018862981399004455,6.0
1AMY,1HBG,0.02048857368006304,17.0
1AMY,1HSA,0.010341261633919338,9.0
1AMY,1LHS,0.021265560165975105,9.0
1AMY,1MYT,0.022151898734177215,11.0
1AMY,2LHB,0.01998422298185643,7.0
1AMY,1HLM,0.019057429822302345,8.0
1AMY,1HLB,0.02075765438505449,10.0
1AMY,1ENH,0.023125,12.0
1AMY,1FTZ,0.018115942028985508,13.0
1AMY,1HDP,0.017758726270667484,13.0
1AMY,1OCP,0.020581113801452784,12.0
1AMY,1POU,0.022289156626506025,6.0
1AMY,1FTT,0.019963702359346643,10.0
1AMY,1VND,0.020172055769801245,5.0
1AMY,1CLH,0.022744503411675512,10.0
1AMY,1GRG,0.018635607321131446,13.0
1AMY,1NHR,0.018102697998259355,18.0
1AMY,1LVL,0.01643272851763095,18.0
1AMY,1TDF,0.019140704540826715,12.0
1AMY,1VDC,0.019876764062810574,18.0
1CYG,1PPI,0.0646275283670449,3.0
1CYG,1XAS,0.01904761904761905,4.0
1CYG,1XYS,0.01640523816376457,6.0
1CIU,1CYG,0.7267956707117088,8.0
1CYG,2AMG,0.06964520367936924,7.0
1CYG,5ABP,0.021196063588190765,12.0
1CYG,1PEA,0.019412090959511925,4.0
1CYG,3GBP,0.028575771393828848,12.0
1CYG,1DBP,0.016838760921366165,6.0
1CYG,2LIV,0.015492546039169833,3.0
1CYG,2LBP,0.01831661578717837,6.0
1ADG,1CYG,0.020318893749118102,3.0
1CYG,3ADK,0.01439342015078821,5.0
1CYG,1UKY,0.02028740490278952,8.0
1AK2,1CYG,0.012087553087226397,6.0
1AKY,1CYG,0.015544898296676038,3.0
1CYG,2RAN,0.018228771077016558,12.0
1AII,1CYG,0.014976785981728321,2.0
1ALA,1CYG,0.021729289271163424,4.0
1AIN,1CYG,0.017903201335154,10.0
1ANN,1CYG,0.015382295279746645,15.0
1CYG,2PLT,0.015651841954571484,9.0
1CYG,3PCY,0.01716901945822205,12.0
1CYG,7PCY,0.023673157693776252,9.0
1AAJ,1CYG,0.020022667170381564,10.0
1CYG,1PAZ,0.018191943567848524,14.0
1CYG,1PMY,0.015148716053944208,6.0
1CYG,1JER,0.014756163397516646,7.0
1CYG,1ZIA,0.01847063169560399,12.0
1CYG,9PCY,0.018296169239565466,15.0
1CYG,1PLB,0.01719526175009553,5.0
1CYG,1NIN,0.014758751182592242,9.0
1CYG,1PAL,0.014792338327327896,11.0
1CYG,4CPV,0.017444065225635193,15.0
1CYG,4TNC,0.017363571934798015,9.0
1CYG,5PAL,0.02,2.0
1CYG,1OMD,0.021517553793884484,4.0
1CYG,1REC,0.015924106386583092,9.0
1CLB,1CYG,0.018131651556957035,6.0
1CTR,1CYG,0.01839163360980887,6.0
1CYG,2SAS,0.0190865712338105,13.0
1CYG,1PE6,0.01775147928994083,4.0
1AEC,1CYG,0.01935695538057743,4.0
1CYG,1PPO,0.018716138565096043,10.0
1CYG,1YAL,0.01932208940560013,18.0
1CSU,1CYG,0.023622047244094488,4.0
1CYG,1HRC,0.01812688821752266,8.0
1CYG,3C2C,0.019913582566222054,3.0
1CCR,1CYG,0.01905829596412556,4.0
1CXC,1CYG,0.0169148740577312,5.0
155C,1CYG,0.026627218934911243,7.0
1CRY,1CYG,0.01882530120481928,13.0
1CYG,3DFR,0.014773126978543792,12.0
1CYG,8DFR,0.016407451717655102,8.0
1CYG,1DYR,0.014063284781516826,6.0
1CYG,1DLR,0.016763599042080055,12.0
1CRB,1CYG,0.021743069396629823,6.0
1CYG,1HMR,0.019503219871205152,4.0
1CYG,1ICN,0.019124678190511217,12.0
1CYG,1MDC,0.0187672493100276,22.0
1ALB,1CYG,0.020235467255334805,3.0
1CBQ,1CYG,0.012766733540032828,3.0
1CYG,1EAL,0.019564414913252122,5.0
1CYG,1FRD,0.01637783279375357,18.0
1CYG,2PIA,0.013903268747226742,12.0
1CYG,1DOX,0.01413292589763178,10.0
1CYG,1ROE,0.017543859649122806,3.0
1CYG,1DOI,0.0138863511785127,2.0
1CYG,4FXC,0.015240998285387693,3.0
1CYG,3FX2,0.017937219730941704,14.0
1CYG,1FLV,0.01781659388646288,9.0
1CYG,1OFV,0.020968023763760266,9.0
1CYG,2FRC,0.01812688821752266,6.0
1CYG,1FLA,0.016699945543655836,11.0
1CYG,5FD1,0.0148864905098623,7.0
1CYG,1FDN,0.014,7.0
1CYG,1FXD,0.012789768185451638,4.0
1BLU,1CYG,0.011962184063283813,5.0
1CYG,1ROF,0.015133412982875348,4.0
1CLF,1CYG,0.0184221065278334,4.0
1CYG,2SPL,0.016054227613271493,3.0
1CYG,3MBA,0.024941261521778422,5.0
1ASH,1CYG,0.018088313530767865,14.0
1CYG,1ECN,0.020423048869438368,10.0
1CYG,1FLP,0.01482552883746158,15.0
1CYG,1GDJ,0.014396256973186972,3.0
1CYG,1HBG,0.020191094285199208,14.0
1CYG,1HSA,0.00689506571859513,4.0
1CYG,1LHS,0.013581129378127233,4.0
1CYG,1MYT,0.01373825018076645,6.0
1CYG,2LHB,0.01407180227313729,4.0
1CYG,1HLM,0.015650008892050506,5.0
1CYG,1HLB,0.016446192348945298,7.0
1CYG,1ENH,0.013360323886639677,9.0
1CYG,1FTZ,0.017022961203483768,10.0
1CYG,1HDP,0.01558130243707551,12.0
1CYG,1OCP,0.01586042823156225,11.0
1CYG,1POU,0.020553359683794466,5.0
1CYG,1FTT,0.015457788347205707,7.0
1CYG,1VND,0.013695949911954608,8.0
1CLH,1CYG,0.015446726347200282,9.0
1CYG,1GRG,0.013935483870967743,10.0
1CYG,1NHR,0.018704074816299265,15.0
1CYG,1LVL,0.021102611448166712,15.0
1CYG,1TDF,0.017140279657194408,11.0
1CYG,1VDC,0.021267168808152416,17.0
1PPI,1XAS,0.03938572719060524,3.0
1PPI,1XYS,0.02078718691429545,5.0
1CIU,1PPI,0.06669145903061857,7.0
1PPI,2AMG,0.03950995405819296,6.0
1PPI,5ABP,0.017737556561085974,11.0
1PEA,1PPI,0.01532941943900848,5.0
1PPI,3GBP,0.019639934533551555,15.0
1DBP,1PPI,0.017641418983700863,7.0
1PPI,2LIV,0.01874349184311003,4.0
1PPI,2LBP,0.020693222969477496,7.0
1ADG,1PPI,0.015981355085733312,4.0
1PPI,3ADK,0.021867115222876366,4.0
1PPI,1UKY,0.020682523267838676,7.0
1AK2,1PPI,0.01745339151130504,7.0
1AKY,1PPI,0.015300986510972418,4.0
1PPI,2RAN,0.01344721061239324,15.0
1AII,1PPI,0.013936037162765768,3.0
1ALA,1PPI,0.014061654948620876,3.0
1AIN,1PPI,0.014516421702050445,11.0
1ANN,1PPI,0.013691226805980904,16.0
1PPI,2PLT,0.021639817263765328,8.0
1PPI,3PCY,0.019221528111484865,13.0
1PPI,7PCY,0.023088023088023088,8.0
1AAJ,1PPI,0.01566207878500237,9.0
1PAZ,1PPI,0.02507545855583933,15.0
1PMY,1PPI,0.026309716132010153,7.0
1JER,1PPI,0.02412329685056958,8.0
1PPI,1ZIA,0.031841255191509,11.0
1PPI,9PCY,0.022078233741300697,16.0
1PLB,1PPI,0.02118440057775638,6.0
1NIN,1PPI,0.019976218787158145,8.0
1PAL,1PPI,0.02003338898163606,10.0
1PPI,4CPV,0.020028612303290415,14.0
1PPI,4TNC,0.024101665205959685,8.0
1PPI,5PAL,0.015639810426540283,1.0
1OMD,1PPI,0.015647226173541962,3.0
1PPI,1REC,0.014928467758656437,8.0
1CLB,1PPI,0.016524787180771158,5.0
1CTR,1PPI,0.01701746529332736,5.0
1PPI,2SAS,0.022556390977443608,14.0
1PE6,1PPI,0.02358113509192646,3.0
1AEC,1PPI,0.02113237639553429,3.0
1PPI,1PPO,0.026342047495509877,9.0
1PPI,1YAL,0.02188183807439825,21.0
1CSU,1PPI,0.018335684062059238,5.0
1HRC,1PPI,0.018500948766603416,9.0
1PPI,3C2C,0.020268677822295546,4.0
1CCR,1PPI,0.018726591760299626,5.0
1CXC,1PPI,0.022482220692819455,6.0
155C,1PPI,0.02356746765249538,8.0
1CRY,1PPI,0.027410207939508508,14.0
1PPI,3DFR,0.018671298306556665,13.0
1PPI,8DFR,0.01634877384196185,9.0
1DYR,1PPI,0.020028612303290415,9.0
1DLR,1PPI,0.017205203524968526,13.0
1CRB,1PPI,0.021626492453255236,7.0
1HMR,1PPI,0.022502870264064292,5.0
1ICN,1PPI,0.024782010096374485,15.0
1MDC,1PPI,0.022502870264064292,27.0
1ALB,1PPI,0.022497704315886134,4.0
1CBQ,1PPI,0.019532137179196003,4.0
1EAL,1PPI,0.02028584601198709,6.0
1FRD,1PPI,0.022536561975545433,19.0
1PPI,2PIA,0.02534765006160887,13.0
1DOX,1PPI,0.020692974013474495,11.0
1PPI,1ROE,0.01729106628242075,4.0
1DOI,1PPI,0.02276348736626451,3.0
1PPI,4FXC,0.021587910769968816,4.0
1PPI,3FX2,0.034260289210233594,15.0
1FLV,1PPI,0.022820236813778257,10.0
1OFV,1PPI,0.02627611458108981,10.0
1PPI,2FRC,0.018500948766603416,9.0
1FLA,1PPI,0.02212689094603748,12.0
1PPI,5FD1,0.016301816488122962,8.0
1FDN,1PPI,0.020918367346938777,8.0
1FXD,1PPI,0.0163098878695209,3.0
1BLU,1PPI,0.0160857908847185,4.0
1PPI,1ROF,0.0197869101978691,3.0
1CLF,1PPI,0.019417475728155338,3.0
1PPI,2SPL,0.016349977905435263,4.0
1PPI,3MBA,0.03009207275993712,4.0
1ASH,1PPI,0.02237332748409739,11.0
1ECN,1PPI,0.020435967302452316,9.0
1FLP,1PPI,0.02246686137946529,18.0
1GDJ,1PPI,0.016082197900379718,4.0
1HBG,1PPI,0.02238638907544213,15.0
1HSA,1PPI,0.008986239820275204,5.0
1LHS,1PPI,0.01771479185119575,5.0
1MYT,1PPI,0.016172506738544475,7.0
1PPI,2LHB,0.016580775263275824,5.0
1HLM,1PPI,0.018049746863306185,6.0
1HLB,1PPI,0.016836508639787327,8.0
1ENH,1PPI,0.01865284974093264,10.0
1FTZ,1PPI,0.019133937562940583,11.0
1HDP,1PPI,0.023433520122261846,11.0
1OCP,1PPI,0.022199798183652877,10.0
1POU,1PPI,0.019597989949748745,4.0
1FTT,1PPI,0.017650025214321734,8.0
1PPI,1VND,0.017861572810716944,7.0
1CLH,1PPI,0.018626813948451375,10.0
1GRG,1PPI,0.013793103448275862,13.0
1NHR,1PPI,0.018110850897736144,16.0
1LVL,1PPI,0.01353429713934174,14.0
1PPI,1TDF,0.016873092802010412,10.0
1PPI,1VDC,0.0158144438587243,16.0
1XAS,1XYS,0.2915904936014625,4.0
1CIU,1XAS,0.02099178582293885,6.0
1XAS,2AMG,0.0273972602739726,5.0
1XAS,5ABP,0.025793650793650792,8.0
1PEA,1XAS,0.02586764388876913,2.0
1XAS,3GBP,0.02695956065901148,10.0
1DBP,1XAS,0.03331542181622783,4.0
1XAS,2LIV,0.021550714453033498,1.0
1XAS,2LBP,0.024152345564328843,4.0
1ADG,1XAS,0.01949490474080638,3.0
1XAS,3ADK,0.021452650934722647,3.0
1UKY,1XAS,0.026929982046678635,6.0
1AK2,1XAS,0.024232178078331924,4.0
1AKY,1XAS,0.028785261945883708,3.0
1XAS,2RAN,0.020947630922693267,12.0
1AII,1XAS,0.029239766081871343,2.0
1ALA,1XAS,0.024173655648741982,0.0
1AIN,1XAS,0.02887008461921354,12.0
1ANN,1XAS,0.023164120256283883,13.0
1XAS,2PLT,0.042010502625656414,7.0
1XAS,3PCY,0.03821656050955414,12.0
1XAS,7PCY,0.03076923076923077,7.0
1AAJ,1XAS,0.024990812201396546,8.0
1PAZ,1XAS,0.022743425728500355,12.0
1PMY,1XAS,0.022535211267605635,4.0
1JER,1XAS,0.03351206434316354,3.0
1XAS,1ZIA,0.024639211545230553,6.0
1XAS,9PCY,0.04487658937920718,11.0
1PLB,1XAS,0.03156708004509583,5.0
1NIN,1XAS,0.02654867256637168,7.0
1PAL,1XAS,0.025185185185185185,9.0
1XAS,4CPV,0.0273972602739726,13.0
1XAS,4TNC,0.023445131878866817,7.0
1XAS,5PAL,0.03226989365603227,2.0
1OMD,1XAS,0.025688073394495414,2.0
1REC,1XAS,0.025225225225225224,7.0
1CLB,1XAS,0.023190723710515795,4.0
1CTR,1XAS,0.03498150016818029,4.0
1XAS,2SAS,0.030349013657056147,11.0
1PE6,1XAS,0.02563372258615779,0.0
1AEC,1XAS,0.02838489923360772,2.0
1PPO,1XAS,0.03297328027288232,8.0
1XAS,1YAL,0.02659875495189587,18.0
1CSU,1XAS,0.03187250996015936,2.0
1HRC,1XAS,0.024237972824091077,6.0
1XAS,3C2C,0.03127272727272727,3.0
1CCR,1XAS,0.026628283555235697,6.0
1CXC,1XAS,0.02721563154221912,7.0
155C,1XAS,0.02821869488536155,9.0
1CRY,1XAS,0.05622489959839357,11.0
1XAS,3DFR,0.030838419530999035,10.0
1XAS,8DFR,0.03477730323367907,6.0
1DYR,1XAS,0.03,6.0
1DLR,1XAS,0.02383134738771769,12.0
1CRB,1XAS,0.031907671418873046,6.0
1HMR,1XAS,0.03214535290006988,4.0
1ICN,1XAS,0.03769633507853403,10.0
1MDC,1XAS,0.027253668763102725,20.0
1ALB,1XAS,0.027244149493538247,3.0
1CBQ,1XAS,0.03436426116838488,5.0
1EAL,1XAS,0.03936731107205624,3.0
1FRD,1XAS,0.027632561613144136,14.0
1XAS,2PIA,0.028175740210124166,10.0
1DOX,1XAS,0.02853924145700338,10.0
1ROE,1XAS,0.03519281168101834,5.0
1DOI,1XAS,0.03103448275862069,4.0
1XAS,4FXC,0.0343796711509716,3.0
1XAS,3FX2,0.034643570952698204,12.0
1FLV,1XAS,0.031725888324873094,7.0
1OFV,1XAS,0.03238095238095238,7.0
1XAS,2FRC,0.024237972824091077,6.0
1FLA,1XAS,0.02861035422343324,9.0
1XAS,5FD1,0.024991074616208496,5.0
1FDN,1XAS,0.032138442521631644,7.0
1FXD,1XAS,0.03948992184286302,2.0
1BLU,1XAS,0.031417624521072794,3.0
1ROF,1XAS,0.021233156390363415,2.0
1CLF,1XAS,0.02560925237505163,0.0
1XAS,2SPL,0.030333003626772173,3.0
1XAS,3MBA,0.02972972972972973,3.0
1ASH,1XAS,0.023483365949119372,8.0
1ECN,1XAS,0.02679491583648231,6.0
1FLP,1XAS,0.03380662609871535,13.0
1GDJ,1XAS,0.022117962466487937,3.0
1HBG,1XAS,0.03026227303295225,12.0
1HSA,1XAS,0.024177949709864602,4.0
1LHS,1XAS,0.022494211048627193,4.0
1MYT,1XAS,0.022304832713754646,6.0
1XAS,2LHB,0.022895622895622896,2.0
1HLM,1XAS,0.028852459016393443,3.0
1HLB,1XAS,0.031777557100297914,5.0
1ENH,1XAS,0.029573299535276723,7.0
1FTZ,1XAS,0.02501008471157725,8.0
1HDP,1XAS,0.01972872996300863,6.0
1OCP,1XAS,0.02509105625252934,7.0
1POU,1XAS,0.04825090470446321,1.0
1FTT,1XAS,0.030731904569348968,5.0
1VND,1XAS,0.026792750197005517,6.0
1CLH,1XAS,0.04929577464788732,7.0
1GRG,1XAS,0.018157233919258258,10.0
1NHR,1XAS,0.01710097719869707,15.0
1LVL,1XAS,0.01916550209622679,15.0
1TDF,1XAS,0.022069641981363415,9.0
1VDC,1XAS,0.02048594568842306,11.0
1CIU,1XYS,0.019687319050376375,8.0
1XYS,2AMG,0.035002792776019365,7.0
1XYS,5ABP,0.021071919377004124,12.0
1PEA,1XYS,0.020510758093706012,6.0
1XYS,3GBP,0.02534562211981567,16.0
1DBP,1XYS,0.027120315581854043,8.0
1XYS,2LIV,0.021290462741690202,5.0
1XYS,2LBP,0.021120689655172414,8.0
1ADG,1XYS,0.0165016501650165,5.0
1XYS,3ADK,0.024464831804281346,5.0
1UKY,1XYS,0.022850924918389554,8.0
1AK2,1XYS,0.02678341488539789,8.0
1AKY,1XYS,0.023109243697478993,7.0
1XYS,2RAN,0.029005524861878452,18.0
1AII,1XYS,0.027489860297431275,4.0
1ALA,1XYS,0.02552415679124886,4.0
1AIN,1XYS,0.021599264705882353,14.0
1ANN,1XYS,0.023224043715846996,15.0
1XYS,2PLT,0.022,11.0
1XYS,3PCY,0.029304029304029304,16.0
1XYS,7PCY,0.02600866955651884,9.0
1AAJ,1XYS,0.020294599018003272,6.0
1PAZ,1XYS,0.033672172808132145,16.0
1PMY,1XYS,0.02205419029615627,8.0
1JER,1XYS,0.028330319469559977,9.0
1XYS,1ZIA,0.02015748031496063,12.0
1XYS,9PCY,0.022606382978723406,15.0
1PLB,1XYS,0.022036727879799666,7.0
1NIN,1XYS,0.03217334208798424,9.0
1PAL,1XYS,0.03361898483849703,11.0
1XYS,4CPV,0.025700164744645797,13.0
1XYS,4TNC,0.02408223201174743,9.0
1XYS,5PAL,0.028748774910160077,4.0
1OMD,1XYS,0.03399803857469761,4.0
1REC,1XYS,0.028384279475982533,9.0
1CLB,1XYS,0.026807760141093474,6.0
1CTR,1XYS,0.036891442394919864,6.0
1XYS,2SAS,0.024800220446403967,15.0
1PE6,1XYS,0.0270481144343303,4.0
1AEC,1XYS,0.026963961628208452,6.0
1PPO,1XYS,0.020249221183800622,12.0
1XYS,1YAL,0.025336091003102378,22.0
1CSU,1XYS,0.02197092084006462,6.0
1HRC,1XYS,0.026823683349689237,10.0
1XYS,3C2C,0.02204928664072633,7.0
1CCR,1XYS,0.023128814648249278,8.0
1CXC,1XYS,0.028125,9.0
155C,1XYS,0.026506784474597665,11.0
1CRY,1XYS,0.03189066059225513,15.0
1XYS,3DFR,0.022048157818392804,10.0
1XYS,8DFR,0.023255813953488372,10.0
1DYR,1XYS,0.02088912694161757,10.0
1DLR,1XYS,0.024397005822012752,14.0
1CRB,1XYS,0.027439024390243903,8.0
1HMR,1XYS,0.03316645807259074,6.0
1ICN,1XYS,0.026883401062832137,16.0
1MDC,1XYS,0.028160200250312892,28.0
1ALB,1XYS,0.026900218955270568,5.0
1CBQ,1XYS,0.02281134401972873,7.0
1EAL,1XYS,0.029569046870084933,7.0
1FRD,1XYS,0.019256308100929615,18.0
1XYS,2PIA,0.020344980097302078,14.0
1DOX,1XYS,0.029362696029362697,14.0
1ROE,1XYS,0.021963394342762062,7.0
1DOI,1XYS,0.030921459492888066,6.0
1XYS,4FXC,0.02524916943521595,7.0
1XYS,3FX2,0.029376498800959234,16.0
1FLV,1XYS,0.027538726333907058,11.0
1OFV,1XYS,0.02870264064293915,11.0
1XYS,2FRC,0.026823683349689237,10.0
1FLA,1XYS,0.023241590214067277,13.0
1XYS,5FD1,0.021690590111642743,9.0
1FDN,1XYS,0.03187250996015936,9.0
1FXD,1XYS,0.023869801084990958,4.0
1BLU,1XYS,0.02377717391304348,5.0
1ROF,1XYS,0.025871361839741286,4.0
1CLF,1XYS,0.023956442831215972,4.0
1XYS,2SPL,0.033858033858033855,7.0
1XYS,3MBA,0.033394049787492414,7.0
1ASH,1XYS,0.03,12.0
1ECN,1XYS,0.03882896764252696,10.0
1FLP,1XYS,0.02916160388821385,19.0
1GDJ,1XYS,0.02471368294153104,5.0
1HBG,1XYS,0.02539298669891173,16.0
1HSA,1XYS,0.019983347210657785,8.0
1LHS,1XYS,0.021447721179624665,8.0
1MYT,1XYS,0.024901305800182204,10.0
1XYS,2LHB,0.021791767554479417,6.0
1HLM,1XYS,0.024822695035460994,7.0
1HLB,1XYS,0.027421758569299553,9.0
1ENH,1XYS,0.022213994816734542,11.0
1FTZ,1XYS,0.024884464984002843,10.0
1HDP,1XYS,0.02168413444163354,12.0
1OCP,1XYS,0.024955436720142603,7.0
1POU,1XYS,0.032612548741581,5.0
1FTT,1XYS,0.028500178126113287,9.0
1VND,1XYS,0.027855153203342618,8.0
1CLH,1XYS,0.03007518796992481,11.0
1GRG,1XYS,0.021774632553075667,14.0
1NHR,1XYS,0.017918414029736943,17.0
1LVL,1XYS,0.02133632790567097,17.0
1TDF,1XYS,0.022212148685403447,11.0
1VDC,1XYS,0.020741394527802295,17.0
1CIU,2AMG,0.06050997489760867,5.0
1CIU,5ABP,0.019804996953077393,14.0
1CIU,1PEA,0.015618463254776182,8.0
1CIU,3GBP,0.015907005200367086,18.0
1CIU,1DBP,0.015030380556443877,10.0
1CIU,2LIV,0.0141155712395236,7.0
1CIU,2LBP,0.015794091839719217,10.0
1ADG,1CIU,0.016747090547828556,7.0
1CIU,3ADK,0.014150129421915444,7.0
1CIU,1UKY,0.016002723867892407,10.0
1AK2,1CIU,0.01315573096530176,10.0
1AKY,1CIU,0.013986013986013986,9.0
1CIU,2RAN,0.01589727911953531,20.0
1AII,1CIU,0.020192887281494876,6.0
1ALA,1CIU,0.01730944427573641,6.0
1AIN,1CIU,0.017709923664122138,14.0
1ANN,1CIU,0.015781487101669194,19.0
1CIU,2PLT,0.017699115044247787,13.0
1CIU,3PCY,0.018457988848298405,18.0
1CIU,7PCY,0.01924187030979411,11.0
1AAJ,1CIU,0.01751380163715972,12.0
1CIU,1PAZ,0.01646090534979424,18.0
1CIU,1PMY,0.02084884586746091,10.0
1CIU,1JER,0.016316171138506162,11.0
1CIU,1ZIA,0.01637818723245859,14.0
1CIU,9PCY,0.017671917018824434,17.0
1CIU,1PLB,0.01848642403235124,9.0
1CIU,1NIN,0.015636918382913808,11.0
1CIU,1PAL,0.01529051987767584,13.0
1CIU,4CPV,0.01872730747181349,17.0
1CIU,4TNC,0.01463501695520257,11.0
1CIU,5PAL,0.02167712492869367,6.0
1CIU,1OMD,0.02092448164352292,6.0
1CIU,1REC,0.015694302285909244,11.0
1CIU,1CLB,0.015497715080468905,8.0
1CIU,1CTR,0.013442325158946413,8.0
1CIU,2SAS,0.01647503003260683,17.0
1CIU,1PE6,0.021843455237464834,6.0
1AEC,1CIU,0.018166804293971925,8.0
1CIU,1PPO,0.028429752066115702,14.0
1CIU,1YAL,0.02242004615891856,24.0
1CIU,1CSU,0.020782165123748347,8.0
1CIU,1HRC,0.014081826831588963,12.0
1CIU,3C2C,0.01817493373722075,9.0
1CCR,1CIU,0.019205422707588026,10.0
1CIU,1CXC,0.018154872174879585,11.0
155C,1CIU,0.017887087758524316,13.0
1CIU,1CRY,0.021627774615822423,17.0
1CIU,3DFR,0.01913197519929141,16.0
1CIU,8DFR,0.015146299483648882,12.0
1CIU,1DYR,0.015509103169251517,12.0
1CIU,1DLR,0.016881998277347116,14.0
1CIU,1CRB,0.018985031033223805,10.0
1CIU,1HMR,0.021134593993325918,8.0
1CIU,1ICN,0.018158236057068743,18.0
1CIU,1MDC,0.01853911753800519,30.0
1ALB,1CIU,0.01779425393883225,7.0
1CBQ,1CIU,0.015803013597941933,9.0
1CIU,1EAL,0.017481867212200113,9.0
1CIU,1FRD,0.014203454894433781,22.0
1CIU,2PIA,0.01755952380952381,14.0
1CIU,1DOX,0.013474494706448507,14.0
1CIU,1ROE,0.014991351143571016,9.0
1CIU,1DOI,0.013254786450662739,8.0
1CIU,4FXC,0.01574500768049155,9.0
1CIU,3FX2,0.015178894109143477,16.0
1CIU,1FLV,0.023926812104152005,13.0
1CIU,1OFV,0.023583245336149243,13.0
1CIU,2FRC,0.014081826831588963,12.0
1CIU,1FLA,0.02011704462326262,13.0
1CIU,5FD1,0.015375960997562348,11.0
1CIU,1FDN,0.012502520669489817,11.0
1CIU,1FXD,0.011686479951642152,6.0
1BLU,1CIU,0.011668611435239206,7.0
1CIU,1ROF,0.015257980325235896,6.0
1CIU,1CLF,0.018574601251766607,6.0
1CIU,2SPL,0.01904761904761905,9.0
1CIU,3MBA,0.020757465404224327,9.0
1ASH,1CIU,0.015005359056806002,16.0
1CIU,1ECN,0.014697776961234614,12.0
1CIU,1FLP,0.016757741347905284,21.0
1CIU,1GDJ,0.015228426395939087,5.0
1CIU,1HBG,0.01670904467853251,18.0
1CIU,1HSA,0.00608695652173913,10.0
1CIU,1LHS,0.0144014401440144,10.0
1CIU,1MYT,0.012748133309051175,12.0
1CIU,2LHB,0.014903671392221011,8.0
1CIU,1HLM,0.015048369759942674,9.0
1CIU,1HLB,0.015126958400864398,11.0
1CIU,1ENH,0.017146356399265157,9.0
1CIU,1FTZ,0.013969267611255238,12.0
1CIU,1HDP,0.013695871097683786,14.0
1CIU,1OCP,0.014791125324805117,13.0
1CIU,1POU,0.018728830444311617,7.0
1CIU,1FTT,0.016783216783216783,11.0
1CIU,1VND,0.01301775147928994,10.0
1CIU,1CLH,0.01661951909476662,13.0
1CIU,1GRG,0.014269036191464522,16.0
1CIU,1NHR,0.017195056421278884,17.0
1CIU,1LVL,0.014321707996286964,17.0
1CIU,1TDF,0.017549167927382755,13.0
1CIU,1VDC,0.02109955423476969,19.0
2AMG,5ABP,0.024666799283867117,13.0
1PEA,2AMG,0.01987930422435215,7.0
2AMG,3GBP,0.022395520895820836,17.0
1DBP,2AMG,0.02671189315242739,9.0
2AMG,2LIV,0.022796352583586626,6.0
2AMG,2LBP,0.01999622712695718,9.0
1ADG,2AMG,0.021419495371210746,6.0
2AMG,3ADK,0.016439643024894316,6.0
1UKY,2AMG,0.0170624855891169,7.0
1AK2,2AMG,0.017605633802816902,9.0
1AKY,2AMG,0.01834862385321101,8.0
2AMG,2RAN,0.016383616383616385,19.0
1AII,2AMG,0.0172582859384193,5.0
1ALA,2AMG,0.016240839770251536,5.0
1AIN,2AMG,0.015958507879513265,15.0
1ANN,2AMG,0.018998614684345935,16.0
2AMG,2PLT,0.02075935536738596,12.0
2AMG,3PCY,0.025109170305676855,17.0
2AMG,7PCY,0.02896174863387978,10.0
1AAJ,2AMG,0.021528525296017224,11.0
1PAZ,2AMG,0.021527960094512997,15.0
1PMY,2AMG,0.02711864406779661,9.0
1JER,2AMG,0.021613470721286755,10.0
1ZIA,2AMG,0.018769551616266946,13.0
2AMG,9PCY,0.023984736985554648,16.0
1PLB,2AMG,0.022428884026258207,8.0
1NIN,2AMG,0.021041273266792556,10.0
1PAL,2AMG,0.022192151556156968,12.0
2AMG,4CPV,0.024350649350649352,16.0
2AMG,4TNC,0.017707820954254796,10.0
2AMG,5PAL,0.02525523911875336,5.0
1OMD,2AMG,0.02795698924731183,5.0
1REC,2AMG,0.021734104046242774,10.0
1CLB,2AMG,0.019450800915331808,7.0
1CTR,2AMG,0.026713709677419355,7.0
2AMG,2SAS,0.02097902097902098,16.0
1PE6,2AMG,0.022192632046160676,5.0
1AEC,2AMG,0.02390438247011952,7.0
1PPO,2AMG,0.021271881231996456,13.0
1YAL,2AMG,0.01854714064914992,23.0
1CSU,2AMG,0.026091586794462194,7.0
1HRC,2AMG,0.029585798816568046,11.0
2AMG,3C2C,0.020293724966622163,8.0
1CCR,2AMG,0.022257551669316374,9.0
1CXC,2AMG,0.03108003108003108,10.0
155C,2AMG,0.022454308093994776,12.0
1CRY,2AMG,0.02945902517407606,16.0
2AMG,3DFR,0.026777020447906523,15.0
2AMG,8DFR,0.017318043529136438,11.0
1DYR,2AMG,0.02639362912400455,11.0
1DLR,2AMG,0.014526710402999063,11.0
1CRB,2AMG,0.02537427048972342,9.0
1HMR,2AMG,0.019185895773917553,7.0
1ICN,2AMG,0.017616580310880828,17.0
1MDC,2AMG,0.02644542390458906,29.0
1ALB,2AMG,0.024883359253499222,6.0
1CBQ,2AMG,0.02970550576184379,8.0
1EAL,2AMG,0.018229166666666668,8.0
1FRD,2AMG,0.021236046828205825,21.0
2AMG,2PIA,0.018907968358093767,13.0
1DOX,2AMG,0.019682886823400764,13.0
1ROE,2AMG,0.020185488270594652,8.0
1DOI,2AMG,0.01797175866495507,7.0
2AMG,4FXC,0.023426859166439662,8.0
2AMG,3FX2,0.028021015761821366,17.0
1FLV,2AMG,0.0294188570050639,12.0
1OFV,2AMG,0.02798552472858866,12.0
2AMG,2FRC,0.029585798816568046,11.0
1FLA,2AMG,0.022894937674891886,12.0
2AMG,5FD1,0.018967334035827187,8.0
1FDN,2AMG,0.01694915254237288,10.0
1FXD,2AMG,0.020431990659661413,5.0
1BLU,2AMG,0.017198335644937588,6.0
1ROF,2AMG,0.019744483159117306,5.0
1CLF,2AMG,0.027517564402810304,5.0
2AMG,2SPL,0.019860973187686197,8.0
2AMG,3MBA,0.025284450063211124,6.0
1ASH,2AMG,0.017729623245506032,15.0
1ECN,2AMG,0.023553507424475168,9.0
1FLP,2AMG,0.024285352896534277,20.0
1GDJ,2AMG,0.02412666499120382,6.0
1HBG,2AMG,0.023683547493071302,17.0
1HSA,2AMG,0.01436500163238655,9.0
1LHS,2AMG,0.020905923344947737,9.0
1MYT,2AMG,0.018715225088517955,11.0
2AMG,2LHB,0.02219419924337957,7.0
1HLM,2AMG,0.018788627935723116,8.0
1HLB,2AMG,0.023406374501992032,10.0
1ENH,2AMG,0.0297441998810232,10.0
1FTZ,2AMG,0.02360391479562464,11.0
1HDP,2AMG,0.024504084014002333,13.0
1OCP,2AMG,0.018465089440276975,12.0
1POU,2AMG,0.026995979322228605,6.0
1FTT,2AMG,0.020184544405997693,10.0
1VND,2AMG,0.019247098782904048,7.0
1CLH,2AMG,0.019422189851905802,12.0
1GRG,2AMG,0.016526247569669476,15.0
1NHR,2AMG,0.015574741831725072,18.0
1LVL,2AMG,0.01698867421718854,18.0
1TDF,2AMG,0.02168342203824167,10.0
1VDC,2AMG,0.01848642403235124,16.0
1PEA,5ABP,0.03283646575934327,10.0
3GBP,5ABP,0.1011011011011011,18.0
1DBP,5ABP,0.09321120689655173,12.0
2LIV,5ABP,0.02535806527353839,9.0
2LBP,5ABP,0.025605214152700187,10.0
1ADG,5ABP,0.025310834813499113,11.0
3ADK,5ABP,0.03135567168767292,11.0
1UKY,5ABP,0.03181272509003601,14.0
1AK2,5ABP,0.02486578129415089,12.0
1AKY,5ABP,0.032909930715935336,11.0
2RAN,5ABP,0.023,20.0
1AII,5ABP,0.02247191011235955,10.0
1ALA,5ABP,0.021760633036597428,8.0
1AIN,5ABP,0.025449101796407185,18.0
1ANN,5ABP,0.0291501976284585,21.0
2PLT,5ABP,0.035391566265060244,15.0
3PCY,5ABP,0.03535163595336593,12.0
5ABP,7PCY,0.03766478342749529,13.0
1AAJ,5ABP,0.03098487642936186,14.0
1PAZ,5ABP,0.046362339514978604,20.0
1PMY,5ABP,0.03745583038869258,12.0
1JER,5ABP,0.03765971755211836,11.0
1ZIA,5ABP,0.045920169551395267,12.0
5ABP,9PCY,0.04954954954954955,13.0
1PLB,5ABP,0.033949453036589965,13.0
1NIN,5ABP,0.033308660251665435,15.0
1PAL,5ABP,0.05204460966542751,13.0
4CPV,5ABP,0.06020066889632107,19.0
4TNC,5ABP,0.02548186867036916,13.0
5ABP,5PAL,0.03312476996687523,10.0
1OMD,5ABP,0.03609576427255985,10.0
1REC,5ABP,0.02108433734939759,15.0
1CLB,5ABP,0.03532717784022481,12.0
1CTR,5ABP,0.03982450219372258,12.0
2SAS,5ABP,0.026788432267884323,15.0
1PE6,5ABP,0.025135675521279634,8.0
1AEC,5ABP,0.02789638485624822,10.0
1PPO,5ABP,0.027366020524515394,16.0
1YAL,5ABP,0.02553916004540295,24.0
1CSU,5ABP,0.022537259178480554,10.0
1HRC,5ABP,0.030224843346848506,14.0
3C2C,5ABP,0.032116788321167884,11.0
1CCR,5ABP,0.02239075478512098,14.0
1CXC,5ABP,0.032913165266106444,15.0
155C,5ABP,0.031150442477876107,13.0
1CRY,5ABP,0.026383290582631,15.0
3DFR,5ABP,0.02900418949403803,16.0
5ABP,8DFR,0.031211750305997554,12.0
1DYR,5ABP,0.024188790560471976,14.0
1DLR,5ABP,0.03371130861170702,18.0
1CRB,5ABP,0.02997275204359673,14.0
1HMR,5ABP,0.02664796633941094,12.0
1ICN,5ABP,0.030823117338003504,14.0
1MDC,5ABP,0.03295932678821879,24.0
1ALB,5ABP,0.031545741324921134,11.0
1CBQ,5ABP,0.03103448275862069,13.0
1EAL,5ABP,0.02821869488536155,11.0
1FRD,5ABP,0.03073463268365817,14.0
2PIA,5ABP,0.022498803255146003,12.0
1DOX,5ABP,0.038447041085563516,18.0
1ROE,5ABP,0.03231867718902668,13.0
1DOI,5ABP,0.03183391003460208,12.0
4FXC,5ABP,0.03375843960990248,11.0
3FX2,5ABP,0.02874331550802139,20.0
1FLV,5ABP,0.02991725015913431,15.0
1OFV,5ABP,0.029936305732484077,15.0
2FRC,5ABP,0.030224843346848506,14.0
1FLA,5ABP,0.030758714969241284,17.0
5ABP,5FD1,0.024364027230383375,11.0
1FDN,5ABP,0.026479106330161355,15.0
1FXD,5ABP,0.024783147459727387,10.0
1BLU,5ABP,0.03,11.0
1ROF,5ABP,0.035260352603526036,10.0
1CLF,5ABP,0.024056408129406886,8.0
2SPL,5ABP,0.023155805491233875,11.0
3MBA,5ABP,0.04135593220338983,11.0
1ASH,5ABP,0.028795811518324606,14.0
1ECN,5ABP,0.03447087211306446,10.0
1FLP,5ABP,0.032564450474898234,13.0
1GDJ,5ABP,0.03496973772696705,11.0
1HBG,5ABP,0.030364372469635626,20.0
1HSA,5ABP,0.015549076773566569,12.0
1LHS,5ABP,0.031198141387321607,12.0
1MYT,5ABP,0.0339097999321804,14.0
2LHB,5ABP,0.031081081081081083,10.0
1HLM,5ABP,0.031578947368421054,11.0
1HLB,5ABP,0.02723347725008303,13.0
1ENH,5ABP,0.027153160797624098,15.0
1FTZ,5ABP,0.03402187120291616,16.0
1HDP,5ABP,0.020635575732562937,14.0
1OCP,5ABP,0.03413246647704185,15.0
1POU,5ABP,0.025837706903512312,9.0
1FTT,5ABP,0.028420625253755584,13.0
1VND,5ABP,0.03401898734177215,14.0
1CLH,5ABP,0.026332691072575465,9.0
1GRG,5ABP,0.020514805496419587,12.0
1NHR,5ABP,0.023255813953488372,23.0
1LVL,5ABP,0.021204240848169634,21.0
1TDF,5ABP,0.028023598820058997,17.0
1VDC,5ABP,0.02626552053486151,17.0
1PEA,3GBP,0.02650445361720617,8.0
1DBP,1PEA,0.03056263023848113,4.0
1PEA,2LIV,0.07151664611590629,1.0
1PEA,2LBP,0.0636345094839894,4.0
1ADG,1PEA,0.01643513989434553,3.0
1PEA,3ADK,0.026424870466321245,5.0
1PEA,1UKY,0.019294237116019294,8.0
1AK2,1PEA,0.024602026049204053,4.0
1AKY,1PEA,0.026529108327192335,3.0
1PEA,2RAN,0.01996961146082049,10.0
1AII,1PEA,0.020846628376941078,2.0
1ALA,1PEA,0.022360782627391957,2.0
1AIN,1PEA,0.020801733477789817,12.0
1ANN,1PEA,0.01761546723952739,13.0
1PEA,2PLT,0.019000919399325775,9.0
1PEA,3PCY,0.02878138395590937,12.0
1PEA,7PCY,0.030656039239730228,9.0
1AAJ,1PEA,0.02591922845087402,10.0
1PAZ,1PEA,0.0257988859571973,12.0
1PEA,1PMY,0.027349432644748328,4.0
1JER,1PEA,0.030717676626640603,3.0
1PEA,1ZIA,0.02036067481093659,8.0
1PEA,9PCY,0.027514521553041883,13.0
1PEA,1PLB,0.028238182934315532,7.0
1NIN,1PEA,0.02357207615593835,9.0
1PAL,1PEA,0.025477707006369428,11.0
1PEA,4CPV,0.02425712553062462,15.0
1PEA,4TNC,0.019083969465648856,9.0
1PEA,5PAL,0.02707581227436823,4.0
1OMD,1PEA,0.026490066225165563,4.0
1PEA,1REC,0.0213903743315508,9.0
1CLB,1PEA,0.02775984506132989,6.0
1CTR,1PEA,0.02857142857142857,6.0
1PEA,2SAS,0.023638232271325797,11.0
1PE6,1PEA,0.022395326192794548,2.0
1AEC,1PEA,0.019417475728155338,4.0
1PEA,1PPO,0.020413122721749697,10.0
1PEA,1YAL,0.01888162672476398,18.0
1CSU,1PEA,0.02144133412745682,2.0
1HRC,1PEA,0.02289156626506024,6.0
1PEA,3C2C,0.020914251568568867,3.0
1CCR,1PEA,0.026066350710900472,6.0
1CXC,1PEA,0.026566560785446145,7.0
155C,1PEA,0.026806526806526808,9.0
1CRY,1PEA,0.02577937649880096,11.0
1PEA,3DFR,0.031805929919137464,10.0
1PEA,8DFR,0.024774193548387096,6.0
1DYR,1PEA,0.026519889917438078,4.0
1DLR,1PEA,0.020671834625323,12.0
1CRB,1PEA,0.021450747953711543,4.0
1HMR,1PEA,0.025440878866724487,4.0
1ICN,1PEA,0.0219526285384171,8.0
1MDC,1PEA,0.025440878866724487,16.0
1ALB,1PEA,0.020809248554913295,3.0
1CBQ,1PEA,0.02737382378100941,5.0
1EAL,1PEA,0.02266124346310285,3.0
1FRD,1PEA,0.024427480916030534,14.0
1PEA,2PIA,0.022152560083594567,10.0
1DOX,1PEA,0.0196319018404908,10.0
1PEA,1ROE,0.023255813953488372,5.0
1DOI,1PEA,0.024020589076351156,4.0
1PEA,4FXC,0.018942865872288422,3.0
1PEA,3FX2,0.025562656293414837,10.0
1FLV,1PEA,0.022939450520138703,7.0
1OFV,1PEA,0.02668801708033093,7.0
1PEA,2FRC,0.02289156626506024,4.0
1FLA,1PEA,0.02151146334559864,9.0
1PEA,5FD1,0.023543260741612712,5.0
1FDN,1PEA,0.027777777777777776,7.0
1FXD,1PEA,0.025759577278731835,4.0
1BLU,1PEA,0.02245088868101029,5.0
1PEA,1ROF,0.01969796454366382,4.0
1CLF,1PEA,0.019880715705765408,2.0
1PEA,2SPL,0.025895316804407712,3.0
1PEA,3MBA,0.025864492549901603,5.0
1ASH,1PEA,0.021294021294021293,10.0
1ECN,1PEA,0.01767388825541619,8.0
1FLP,1PEA,0.024753867791842476,11.0
1GDJ,1PEA,0.018430605975984362,3.0
1HBG,1PEA,0.02296275553066368,12.0
1HSA,1PEA,0.01951219512195122,4.0
1LHS,1PEA,0.023756906077348067,4.0
1MYT,1PEA,0.02699662542182227,4.0
1PEA,2LHB,0.024109896271376507,2.0
1HLM,1PEA,0.026323005209761448,3.0
1HLB,1PEA,0.02211166390270868,5.0
1ENH,1PEA,0.020242914979757085,7.0
1FTZ,1PEA,0.02340702210663199,8.0
1HDP,1PEA,0.021122112211221122,8.0
1OCP,1PEA,0.02151238591916558,9.0
1PEA,1POU,0.020752269779507133,3.0
1FTT,1PEA,0.024104234527687295,5.0
1PEA,1VND,0.01850079744816587,8.0
1CLH,1PEA,0.022037086804622415,7.0
1GRG,1PEA,0.02182196051264288,6.0
1NHR,1PEA,0.016336903249228533,15.0
1LVL,1PEA,0.02033535497681056,17.0
1PEA,1TDF,0.02181818181818182,11.0
1PEA,1VDC,0.022106360792492178,13.0
1DBP,3GBP,0.14812805208898536,8.0
2LIV,3GBP,0.03071107961256792,7.0
2LBP,3GBP,0.024824355971896955,8.0
1ADG,3GBP,0.02054488610987048,11.0
3ADK,3GBP,0.03222807561202355,15.0
1UKY,3GBP,0.02601330913490623,16.0
1AK2,3GBP,0.025619128949615714,6.0
1AKY,3GBP,0.030831878999418267,9.0
2RAN,3GBP,0.024660291897332664,12.0
1AII,3GBP,0.03146509341199607,10.0
1ALA,3GBP,0.025883524141363863,10.0
1AIN,3GBP,0.023103967855349072,18.0
1ANN,3GBP,0.026355047240179015,19.0
2PLT,3GBP,0.029657794676806085,17.0
3GBP,3PCY,0.0281048233953665,16.0
3GBP,7PCY,0.040319513122860404,19.0
1AAJ,3GBP,0.0260707635009311,18.0
1PAZ,3GBP,0.029517638588912886,18.0
1PMY,3GBP,0.03138373751783167,10.0
1JER,3GBP,0.027137042062415198,7.0
1ZIA,3GBP,0.029946524064171122,14.0
3GBP,9PCY,0.03335860500379075,17.0
1PLB,3GBP,0.027428571428571427,17.0
1NIN,3GBP,0.03288490284005979,15.0
1PAL,3GBP,0.0518018018018018,21.0
3GBP,4CPV,0.04803001876172608,25.0
3GBP,4TNC,0.031630971993410216,19.0
3GBP,5PAL,0.043106651802303976,14.0
1OMD,3GBP,0.039419858683525474,14.0
1REC,3GBP,0.024286581663630843,19.0
1CLB,3GBP,0.028397565922920892,16.0
1CTR,3GBP,0.027238678924072182,16.0
2SAS,3GBP,0.045412703283215713,17.0
1PE6,3GBP,0.031654676258992806,10.0
1AEC,3GBP,0.02408947519357614,12.0
1PPO,3GBP,0.030442274554853533,16.0
1YAL,3GBP,0.025157232704402517,22.0
1CSU,3GBP,0.03155963302752294,8.0
1HRC,3GBP,0.030517305545217716,12.0
3C2C,3GBP,0.039056742815033164,9.0
1CCR,3GBP,0.024061246810061977,14.0
1CXC,3GBP,0.03462897526501767,15.0
155C,3GBP,0.03429796355841372,15.0
1CRY,3GBP,0.032556418793932666,17.0
3DFR,3GBP,0.033799155021124475,16.0
3GBP,8DFR,0.03701418877236274,12.0
1DYR,3GBP,0.03329369797859691,8.0
1DLR,3GBP,0.029657089898053754,20.0
1CRB,3GBP,0.03161512027491409,12.0
1HMR,3GBP,0.03043170559094126,12.0
1ICN,3GBP,0.03322728879462708,10.0
1MDC,3GBP,0.035385704175513094,12.0
1ALB,3GBP,0.02829854969932791,11.0
1CBQ,3GBP,0.032707028531663185,13.0
1EAL,3GBP,0.025631897472410112,9.0
1FRD,3GBP,0.028009084027252083,18.0
2PIA,3GBP,0.023603082851637765,16.0
1DOX,3GBP,0.032736962314427104,12.0
1ROE,3GBP,0.02808349146110057,13.0
1DOI,3GBP,0.031424581005586594,12.0
3GBP,4FXC,0.03106060606060606,9.0
3FX2,3GBP,0.026298044504383007,18.0
1FLV,3GBP,0.03209242618741977,13.0
1OFV,3GBP,0.04238921001926782,13.0
2FRC,3GBP,0.030517305545217716,8.0
1FLA,3GBP,0.036551724137931035,11.0
3GBP,5FD1,0.026763110307414104,11.0
1FDN,3GBP,0.03262233375156838,13.0
1FXD,3GBP,0.02755741127348643,14.0
1BLU,3GBP,0.029526029526029528,15.0
1ROF,3GBP,0.027351844177372565,14.0
1CLF,3GBP,0.025157232704402517,10.0
2SPL,3GBP,0.03403403403403404,9.0
3GBP,3MBA,0.02667578659370725,13.0
1ASH,3GBP,0.02838283828382838,16.0
1ECN,3GBP,0.029217391304347827,12.0
1FLP,3GBP,0.03696098562628337,11.0
1GDJ,3GBP,0.027815468113975575,11.0
1HBG,3GBP,0.037440435670524165,14.0
1HSA,3GBP,0.015748031496062992,10.0
1LHS,3GBP,0.031469702042182794,8.0
1MYT,3GBP,0.03010605542251112,12.0
2LHB,3GBP,0.02794819359236537,8.0
1HLM,3GBP,0.03185136031851361,9.0
1HLB,3GBP,0.02747068676716918,11.0
1ENH,3GBP,0.026598026598026597,13.0
1FTZ,3GBP,0.022922636103151862,14.0
1HDP,3GBP,0.025865665415102213,14.0
1OCP,3GBP,0.02792607802874743,17.0
1POU,3GBP,0.02937576499388005,11.0
1FTT,3GBP,0.026261797291752154,11.0
1VND,3GBP,0.032773780975219824,18.0
1CLH,3GBP,0.025906735751295335,11.0
1GRG,3GBP,0.01906243921416067,12.0
1NHR,3GBP,0.02502050861361772,23.0
1LVL,3GBP,0.019706414639050873,25.0
1TDF,3GBP,0.02078179119247897,21.0
1VDC,3GBP,0.024026910139356077,17.0
1DBP,2LIV,0.03950367181564953,3.0
1DBP,2LBP,0.04565980933266432,6.0
1ADG,1DBP,0.027658559847401048,5.0
1DBP,3ADK,0.022426095820591234,7.0
1DBP,1UKY,0.028457974851091992,8.0
1AK2,1DBP,0.03964075565190461,4.0
1AKY,1DBP,0.03424223208623969,5.0
1DBP,2RAN,0.026558265582655827,12.0
1AII,1DBP,0.024312896405919663,4.0
1ALA,1DBP,0.025709694697375468,4.0
1AIN,1DBP,0.02650081124932396,10.0
1ANN,1DBP,0.02675227394328518,13.0
1DBP,2PLT,0.03239556692242114,11.0
1DBP,3PCY,0.036611323967645805,14.0
1DBP,7PCY,0.042643923240938165,11.0
1AAJ,1DBP,0.038317367763431906,12.0
1DBP,1PAZ,0.042502004811547714,14.0
1DBP,1PMY,0.03968253968253968,6.0
1DBP,1JER,0.024774774774774775,5.0
1DBP,1ZIA,0.046806822689408965,10.0
1DBP,9PCY,0.03993203058623619,11.0
1DBP,1PLB,0.03331909440410081,9.0
1DBP,1NIN,0.05100334448160535,11.0
1DBP,1PAL,0.04453781512605042,11.0
1DBP,4CPV,0.04283914321713566,15.0
1DBP,4TNC,0.02544529262086514,11.0
1DBP,5PAL,0.03822185292895721,6.0
1DBP,1OMD,0.03908523908523909,6.0
1DBP,1REC,0.02857142857142857,11.0
1CLB,1DBP,0.033929390187987164,8.0
1CTR,1DBP,0.03392385978137957,8.0
1DBP,2SAS,0.02823529411764706,11.0
1DBP,1PE6,0.026324036352240676,4.0
1AEC,1DBP,0.031220730565095223,6.0
1DBP,1PPO,0.031269543464665414,12.0
1DBP,1YAL,0.024891101431238332,18.0
1CSU,1DBP,0.036050798852929125,4.0
1DBP,1HRC,0.03079483978360383,6.0
1DBP,3C2C,0.044444444444444446,5.0
1CCR,1DBP,0.028466856445709638,8.0
1CXC,1DBP,0.04241948153967007,9.0
155C,1DBP,0.0437375745526839,11.0
1CRY,1DBP,0.036378668871434476,13.0
1DBP,3DFR,0.045112781954887216,12.0
1DBP,8DFR,0.03110209601081812,8.0
1DBP,1DYR,0.025974025974025976,6.0
1DBP,1DLR,0.029800203183203523,12.0
1CRB,1DBP,0.030464584920030464,6.0
1DBP,1HMR,0.03225806451612903,6.0
1DBP,1ICN,0.04165029469548134,10.0
1DBP,1MDC,0.046420141620771044,18.0
1ALB,1DBP,0.037750688163586316,5.0
1CBQ,1DBP,0.03552123552123552,7.0
1DBP,1EAL,0.031683168316831684,5.0
1DBP,1FRD,0.027989821882951654,16.0
1DBP,2PIA,0.025853154084798345,12.0
1DBP,1DOX,0.03585147247119078,12.0
1DBP,1ROE,0.030625265844321566,7.0
1DBP,1DOI,0.02635658914728682,6.0
1DBP,4FXC,0.025466893039049237,5.0
1DBP,3FX2,0.03355704697986577,14.0
1DBP,1FLV,0.038135593220338986,9.0
1DBP,1OFV,0.03392226148409894,7.0
1DBP,2FRC,0.03079483978360383,6.0
1DBP,1FLA,0.03669724770642202,9.0
1DBP,5FD1,0.032245062474808545,7.0
1DBP,1FDN,0.024679639297579496,9.0
1DBP,1FXD,0.05589767882520132,6.0
1BLU,1DBP,0.025327510917030567,7.0
1DBP,1ROF,0.04133395960544857,6.0
1CLF,1DBP,0.03046168491194669,4.0
1DBP,2SPL,0.035385182454847036,5.0
1DBP,3MBA,0.04924242424242424,7.0
1ASH,1DBP,0.033503277494537506,10.0
1DBP,1ECN,0.057120802778849865,10.0
1DBP,1FLP,0.03790750568612585,13.0
1DBP,1GDJ,0.03753753753753754,5.0
1DBP,1HBG,0.04295403165033911,14.0
1DBP,1HSA,0.018306636155606407,6.0
1DBP,1LHS,0.051054384017758046,6.0
1DBP,1MYT,0.04850322091701402,8.0
1DBP,2LHB,0.04,4.0
1DBP,1HLM,0.0336996336996337,3.0
1DBP,1HLB,0.04146612365790448,7.0
1DBP,1ENH,0.027357107962872496,9.0
1DBP,1FTZ,0.0333487725798981,10.0
1DBP,1HDP,0.03028868906767629,8.0
1DBP,1OCP,0.02696420269642027,11.0
1DBP,1POU,0.042455006922012,5.0
1DBP,1FTT,0.029725963771481654,5.0
1DBP,1VND,0.027953110910730387,10.0
1CLH,1DBP,0.033523537803138374,7.0
1DBP,1GRG,0.022647724933086266,10.0
1DBP,1NHR,0.028310104529616725,17.0
1DBP,1LVL,0.025165280443591384,19.0
1DBP,1TDF,0.03352847259180415,11.0
1DBP,1VDC,0.03145951521402785,15.0
2LBP,2LIV,0.8113831899404368,3.0
1ADG,2LIV,0.0227800042185193,2.0
2LIV,3ADK,0.02979942693409742,4.0
1UKY,2LIV,0.02970019613337069,7.0
1AK2,2LIV,0.022775423728813558,3.0
1AKY,2LIV,0.027560118886787353,2.0
2LIV,2RAN,0.020297380221855087,9.0
1AII,2LIV,0.026321865619949203,1.0
1ALA,2LIV,0.023359028264424198,1.0
1AIN,2LIV,0.019787985865724382,11.0
1ANN,2LIV,0.025670945157526253,12.0
2LIV,2PLT,0.04424472865537504,8.0
2LIV,3PCY,0.03383977900552486,11.0
2LIV,7PCY,0.029045643153526972,8.0
1AAJ,2LIV,0.030529172320217096,9.0
1PAZ,2LIV,0.030253206182176917,11.0
1PMY,2LIV,0.029344636452559504,3.0
1JER,2LIV,0.0330115228900654,2.0
1ZIA,2LIV,0.0469361147327249,7.0
2LIV,9PCY,0.031023784901758014,12.0
1PLB,2LIV,0.02631578947368421,6.0
1NIN,2LIV,0.029261653623681525,8.0
1PAL,2LIV,0.02528185855825077,10.0
2LIV,4CPV,0.030737704918032786,14.0
2LIV,4TNC,0.024863553668890235,8.0
2LIV,5PAL,0.03249830737982397,3.0
1OMD,2LIV,0.028455284552845527,3.0
1REC,2LIV,0.025864492549901603,8.0
1CLB,2LIV,0.026392961876832845,5.0
1CTR,2LIV,0.03125,5.0
2LIV,2SAS,0.02498580352072686,10.0
1PE6,2LIV,0.03103263777421081,1.0
1AEC,2LIV,0.032,3.0
1PPO,2LIV,0.029372496662216287,9.0
1YAL,2LIV,0.031906407870247275,17.0
1CSU,2LIV,0.03480589022757698,1.0
1HRC,2LIV,0.031864406779661014,5.0
2LIV,3C2C,0.030903594222371517,2.0
1CCR,2LIV,0.0332667997338656,5.0
1CXC,2LIV,0.038150662786938246,6.0
155C,2LIV,0.03527106466361855,8.0
1CRY,2LIV,0.03573836817262306,10.0
2LIV,3DFR,0.03173652694610778,9.0
2LIV,8DFR,0.03195435092724679,5.0
1DYR,2LIV,0.02481389578163772,3.0
1DLR,2LIV,0.03428571428571429,11.0
1CRB,2LIV,0.022061140876142454,5.0
1HMR,2LIV,0.02848818387827776,3.0
1ICN,2LIV,0.029754204398447608,7.0
1MDC,2LIV,0.027840725153771447,15.0
1ALB,2LIV,0.0284789644012945,2.0
1CBQ,2LIV,0.02613962384443736,4.0
1EAL,2LIV,0.029947916666666668,2.0
1FRD,2LIV,0.029604130808950087,13.0
2LIV,2PIA,0.030351075877689693,9.0
1DOX,2LIV,0.02560553633217993,9.0
1ROE,2LIV,0.028985507246376812,4.0
1DOI,2LIV,0.02750239846498241,3.0
2LIV,4FXC,0.027557698932139166,2.0
2LIV,3FX2,0.03034995354598947,11.0
1FLV,2LIV,0.025451316957679788,6.0
1OFV,2LIV,0.026650873556411016,6.0
2FRC,2LIV,0.031864406779661014,3.0
1FLA,2LIV,0.029086310464748657,8.0
2LIV,5FD1,0.029722589167767502,4.0
1FDN,2LIV,0.03014318010550113,6.0
1FXD,2LIV,0.02633559066967645,3.0
1BLU,2LIV,0.028198801550934086,4.0
1ROF,2LIV,0.02391629297458894,3.0
1CLF,2LIV,0.02416918429003021,1.0
2LIV,2SPL,0.026993865030674847,2.0
2LIV,3MBA,0.023846877941637906,4.0
1ASH,2LIV,0.021864561190403888,9.0
1ECN,2LIV,0.03123008285532186,7.0
1FLP,2LIV,0.0282574568288854,10.0
1GDJ,2LIV,0.026160074743070694,2.0
1HBG,2LIV,0.0387378944079975,11.0
1HSA,2LIV,0.01917211328976035,3.0
1LHS,2LIV,0.03569230769230769,3.0
1MYT,2LIV,0.037037037037037035,5.0
2LHB,2LIV,0.026274632467938694,1.0
1HLM,2LIV,0.02563320109856576,2.0
1HLB,2LIV,0.023399014778325122,4.0
1ENH,2LIV,0.026985350809560524,6.0
1FTZ,2LIV,0.019216555801921657,7.0
1HDP,2LIV,0.022556390977443608,7.0
1OCP,2LIV,0.025945144551519646,8.0
1POU,2LIV,0.04126750184229919,2.0
1FTT,2LIV,0.022222222222222223,4.0
1VND,2LIV,0.020253164556962026,7.0
1CLH,2LIV,0.023276633840644583,6.0
1GRG,2LIV,0.021095484826054774,7.0
1NHR,2LIV,0.031134461957579296,14.0
1LVL,2LIV,0.017952635599694424,16.0
1TDF,2LIV,0.025087108013937282,10.0
1VDC,2LIV,0.02169491525423729,12.0
1ADG,2LBP,0.020929259104227712,5.0
2LBP,3ADK,0.026651545222568754,7.0
1UKY,2LBP,0.036051026067665005,10.0
1AK2,2LBP,0.025177025963808025,6.0
1AKY,2LBP,0.02675227394328518,5.0
2LBP,2RAN,0.022461394478240523,12.0
1AII,2LBP,0.025183150183150184,4.0
1ALA,2LBP,0.019916628068550254,4.0
1AIN,2LBP,0.02382064455861747,12.0
1ANN,2LBP,0.034706154558074964,15.0
2LBP,2PLT,0.04505119453924915,11.0
2LBP,3PCY,0.032730992158199794,14.0
2LBP,7PCY,0.02731307613519973,11.0
1AAJ,2LBP,0.024120603015075376,12.0
1PAZ,2LBP,0.028589993502274202,14.0
1PMY,2LBP,0.04059278350515464,6.0
1JER,2LBP,0.03263546798029557,5.0
1ZIA,2LBP,0.03542673107890499,10.0
2LBP,9PCY,0.02859087814840027,15.0
1PLB,2LBP,0.024615384615384615,7.0
1NIN,2LBP,0.031586021505376344,9.0
1PAL,2LBP,0.032388663967611336,13.0
2LBP,4CPV,0.02833052276559865,17.0
2LBP,4TNC,0.03298350824587706,9.0
2LBP,5PAL,0.026078234704112337,6.0
1OMD,2LBP,0.022750083640013383,6.0
1REC,2LBP,0.02448525319977741,11.0
1CLB,2LBP,0.02965641952983725,8.0
1CTR,2LBP,0.03954278653073834,8.0
2LBP,2SAS,0.025288002247822423,13.0
1PE6,2LBP,0.024370860927152318,4.0
1AEC,2LBP,0.030102983892263006,6.0
1PPO,2LBP,0.028027498677948175,12.0
1YAL,2LBP,0.028962611901000527,18.0
1CSU,2LBP,0.027768595041322314,4.0
1HRC,2LBP,0.03080013391362571,8.0
2LBP,3C2C,0.028533510285335104,5.0
1CCR,2LBP,0.027604337824515282,8.0
1CXC,2LBP,0.03769968051118211,9.0
155C,2LBP,0.03291384317521781,11.0
1CRY,2LBP,0.03663003663003663,13.0
2LBP,3DFR,0.02901984009475866,12.0
2LBP,8DFR,0.02766798418972332,8.0
1DYR,2LBP,0.021834061135371178,6.0
1DLR,2LBP,0.02544529262086514,14.0
1CRB,2LBP,0.023052959501557634,8.0
1HMR,2LBP,0.036468330134357005,6.0
1ICN,2LBP,0.028124001278363696,10.0
1MDC,2LBP,0.035188739603326934,18.0
1ALB,2LBP,0.030700351774864087,5.0
1CBQ,2LBP,0.02142407057340895,7.0
1EAL,2LBP,0.028304921196526216,5.0
1FRD,2LBP,0.02991162474507138,14.0
2LBP,2PIA,0.024707996406109614,8.0
1DOX,2LBP,0.029381619405534676,12.0
1ROE,2LBP,0.03202725724020443,7.0
1DOI,2LBP,0.02654867256637168,6.0
2LBP,4FXC,0.023809523809523808,5.0
2LBP,3FX2,0.02449479485609308,14.0
1FLV,2LBP,0.02810304449648712,9.0
1OFV,2LBP,0.031048623315758642,9.0
2FRC,2LBP,0.03080013391362571,6.0
1FLA,2LBP,0.02375,11.0
2LBP,5FD1,0.024796084828711255,7.0
1FDN,2LBP,0.030471943515421776,9.0
1FXD,2LBP,0.02671614100185529,6.0
1BLU,2LBP,0.027835768963117607,7.0
1ROF,2LBP,0.02359012163656469,6.0
1CLF,2LBP,0.023836126629422718,4.0
2LBP,2SPL,0.032150439793751893,5.0
2LBP,3MBA,0.02729528535980149,7.0
1ASH,2LBP,0.025825825825825825,12.0
1ECN,2LBP,0.028976377952755906,10.0
1FLP,2LBP,0.03227808814400993,13.0
1GDJ,2LBP,0.0332512315270936,5.0
1HBG,2LBP,0.03953057442865967,12.0
1HSA,2LBP,0.014579759862778732,6.0
1LHS,2LBP,0.024338302403407362,4.0
1MYT,2LBP,0.033509152963077875,8.0
2LBP,2LHB,0.027210884353741496,4.0
1HLM,2LBP,0.024743512371756187,5.0
1HLB,2LBP,0.024961948249619482,7.0
1ENH,2LBP,0.031166856708475865,9.0
1FTZ,2LBP,0.01822821728034998,10.0
1HDP,2LBP,0.021505376344086023,10.0
1OCP,2LBP,0.02486288848263254,9.0
1POU,2LBP,0.031261359505634315,5.0
1FTT,2LBP,0.02703690171720862,7.0
1VND,2LBP,0.02426837972876517,10.0
1CLH,2LBP,0.024203069657615112,9.0
1GRG,2LBP,0.023157507811064144,10.0
1NHR,2LBP,0.01893353941267388,17.0
1LVL,2LBP,0.0166887919590366,19.0
1TDF,2LBP,0.03362505757715339,13.0
1VDC,2LBP,0.025997310623038995,13.0
1ADG,3ADK,0.02677376171352075,4.0
1ADG,1UKY,0.02045097011012061,7.0
1ADG,1AK2,0.02536682417309127,5.0
1ADG,1AKY,0.021794221996958945,4.0
1ADG,2RAN,0.01963409192324855,9.0
1ADG,1AII,0.02054195804195804,1.0
1ADG,1ALA,0.018117543084401236,3.0
1ADG,1AIN,0.02271714922048998,11.0
1ADG,1ANN,0.02119205298013245,10.0
1ADG,2PLT,0.0248565965583174,10.0
1ADG,3PCY,0.026743075453677174,11.0
1ADG,7PCY,0.027414727446605038,8.0
1AAJ,1ADG,0.022549326652051362,7.0
1ADG,1PAZ,0.036518563603164945,9.0
1ADG,1PMY,0.02717391304347826,5.0
1ADG,1JER,0.02546296296296296,6.0
1ADG,1ZIA,0.02958044068819801,11.0
1ADG,9PCY,0.02542911633820725,16.0
1ADG,1PLB,0.02298116820938398,6.0
1ADG,1NIN,0.02763819095477387,6.0
1ADG,1PAL,0.025220680958385876,10.0
1ADG,4CPV,0.02269145918688938,14.0
1ADG,4TNC,0.027095681625740897,8.0
1ADG,5PAL,0.02188183807439825,3.0
1ADG,1OMD,0.02564904598060682,1.0
1ADG,1REC,0.025775907417148868,4.0
1ADG,1CLB,0.026236125126135216,3.0
1ADG,1CTR,0.028447024673439767,5.0
1ADG,2SAS,0.028139102734271303,10.0
1ADG,1PE6,0.02460456942003515,3.0
1ADG,1AEC,0.022027534418022528,3.0
1ADG,1PPO,0.02756892230576441,9.0
1ADG,1YAL,0.023464802795806292,15.0
1ADG,1CSU,0.02907516238787504,1.0
1ADG,1HRC,0.03630672926447574,3.0
1ADG,3C2C,0.024208566108007448,2.0
1ADG,1CCR,0.029529375576745617,3.0
1ADG,1CXC,0.023367285799880167,4.0
155C,1ADG,0.026610220743876624,6.0
1ADG,1CRY,0.03488009965742759,10.0
1ADG,3DFR,0.025662482566248257,9.0
1ADG,8DFR,0.021333333333333333,5.0
1ADG,1DYR,0.02324380165289256,3.0
1ADG,1DLR,0.020293724966622163,9.0
1ADG,1CRB,0.024575775307197192,3.0
1ADG,1HMR,0.023395320935812838,1.0
1ADG,1ICN,0.024572969733293377,9.0
1ADG,1MDC,0.027594481103779243,21.0
1ADG,1ALB,0.025787106446776613,2.0
1ADG,1CBQ,0.026020106445890007,4.0
1ADG,1EAL,0.02894181489297558,2.0
1ADG,1FRD,0.02603174603174603,15.0
1ADG,2PIA,0.025321888412017168,9.0
1ADG,1DOX,0.022966507177033493,9.0
1ADG,1ROE,0.02736239261851734,2.0
1ADG,1DOI,0.03795966785290629,1.0
1ADG,4FXC,0.026683608640406607,2.0
1ADG,3FX2,0.02648244099021301,11.0
1ADG,1FLV,0.025938189845474614,6.0
1ADG,1OFV,0.030922142462727776,6.0
1ADG,2FRC,0.03630672926447574,3.0
1ADG,1FLA,0.02699530516431925,8.0
1ADG,5FD1,0.026886648334860985,6.0
1ADG,1FDN,0.028285615729561918,2.0
1ADG,1FXD,0.027557698932139166,3.0
1ADG,1BLU,0.03763789746917586,2.0
1ADG,1ROF,0.02670318384115029,3.0
1ADG,1CLF,0.03318354649153128,3.0
1ADG,2SPL,0.024536376604850214,2.0
1ADG,3MBA,0.026223776223776224,6.0
1ADG,1ASH,0.023176936122102882,13.0
1ADG,1ECN,0.024238841265149275,9.0
1ADG,1FLP,0.022740524781341108,12.0
1ADG,1GDJ,0.02546296296296296,2.0
1ADG,1HBG,0.026697620429483458,13.0
1ADG,1HSA,0.01811023622047244,3.0
1ADG,1LHS,0.0234620886981402,3.0
1ADG,1MYT,0.02098513552900029,5.0
1ADG,2LHB,0.023823358512492735,1.0
1ADG,1HLM,0.02385008517887564,2.0
1ADG,1HLB,0.02691096478671629,4.0
1ADG,1ENH,0.019020781965480803,6.0
1ADG,1FTZ,0.016943409013893594,7.0
1ADG,1HDP,0.020654044750430294,9.0
1ADG,1OCP,0.021746517159361198,10.0
1ADG,1POU,0.026360256843528218,4.0
1ADG,1FTT,0.025806451612903226,4.0
1ADG,1VND,0.023920265780730896,7.0
1ADG,1CLH,0.029477196885428252,6.0
1ADG,1GRG,0.024429102496016993,7.0
1ADG,1NHR,0.02563150074294205,14.0
1ADG,1LVL,0.023718299580368547,16.0
1ADG,1TDF,0.02065934065934066,10.0
1ADG,1VDC,0.027837259100642397,16.0
1UKY,3ADK,0.43776824034334766,5.0
1AK2,3ADK,0.24548736462093862,7.0
1AKY,3ADK,0.24860853432282004,6.0
2RAN,3ADK,0.023522129371711543,17.0
1AII,3ADK,0.02706766917293233,3.0
1ALA,3ADK,0.02931297709923664,3.0
1AIN,3ADK,0.02469898116702686,13.0
1ANN,3ADK,0.04025617566331199,16.0
2PLT,3ADK,0.04345521992580816,10.0
3ADK,3PCY,0.042328042328042326,13.0
3ADK,7PCY,0.04665959703075292,8.0
1AAJ,3ADK,0.04531410916580844,9.0
1PAZ,3ADK,0.04815724815724816,15.0
1PMY,3ADK,0.033964095099466275,7.0
1JER,3ADK,0.034467120181405894,8.0
1ZIA,3ADK,0.0475266731328807,11.0
3ADK,9PCY,0.036939313984168866,16.0
1PLB,3ADK,0.04994686503719448,6.0
1NIN,3ADK,0.03931712364200724,8.0
1PAL,3ADK,0.038521603331598125,10.0
3ADK,4CPV,0.046826222684703434,14.0
3ADK,4TNC,0.04013961605584642,8.0
3ADK,5PAL,0.04722792607802875,3.0
1OMD,3ADK,0.040082219938335044,3.0
1REC,3ADK,0.032144257154057235,8.0
1CLB,3ADK,0.047619047619047616,5.0
1CTR,3ADK,0.04284412032816773,5.0
2SAS,3ADK,0.03815580286168521,14.0
1PE6,3ADK,0.03074670571010249,3.0
1AEC,3ADK,0.02696793002915452,5.0
1PPO,3ADK,0.04089083607155896,11.0
1YAL,3ADK,0.027586206896551724,21.0
1CSU,3ADK,0.03632694248234107,5.0
1HRC,3ADK,0.04835390946502058,9.0
3ADK,3C2C,0.04058853373921867,6.0
1CCR,3ADK,0.034,7.0
1CXC,3ADK,0.033540967896502155,8.0
155C,3ADK,0.03501945525291829,10.0
1CRY,3ADK,0.04081632653061224,12.0
3ADK,3DFR,0.030848329048843187,13.0
3ADK,8DFR,0.03281312525010004,9.0
1DYR,3ADK,0.028996566196108357,9.0
1DLR,3ADK,0.03287890938251804,13.0
1CRB,3ADK,0.04153207198892478,7.0
1HMR,3ADK,0.03168506961113778,5.0
1ICN,3ADK,0.04122722914669223,15.0
1MDC,3ADK,0.035525684109457514,27.0
1ALB,3ADK,0.04894433781190019,4.0
1CBQ,3ADK,0.04598779915532614,6.0
1EAL,3ADK,0.0377541142303969,6.0
1FRD,3ADK,0.0315955766192733,19.0
2PIA,3ADK,0.025814021707245526,13.0
1DOX,3ADK,0.03503184713375796,13.0
1ROE,3ADK,0.0412262156448203,6.0
1DOI,3ADK,0.029231494578029232,5.0
3ADK,4FXC,0.03900896151818661,6.0
3ADK,3FX2,0.044084570400359874,15.0
1FLV,3ADK,0.04382638010956595,10.0
1OFV,3ADK,0.03205398566005905,10.0
2FRC,3ADK,0.04835390946502058,9.0
1FLA,3ADK,0.03523412146499768,12.0
3ADK,5FD1,0.03165182987141444,8.0
1FDN,3ADK,0.03762135922330097,8.0
1FXD,3ADK,0.03389830508474576,3.0
1BLU,3ADK,0.03932277444019661,4.0
1ROF,3ADK,0.0407185628742515,3.0
1CLF,3ADK,0.03532277710109622,3.0
2SPL,3ADK,0.038154392191659274,6.0
3ADK,3MBA,0.033929390187987164,6.0
1ASH,3ADK,0.03935286401399213,13.0
1ECN,3ADK,0.043151969981238276,9.0
1FLP,3ADK,0.036714089031665904,18.0
1GDJ,3ADK,0.039002267573696146,4.0
1HBG,3ADK,0.0337129840546697,15.0
1HSA,3ADK,0.021722265321955005,7.0
1LHS,3ADK,0.034759358288770054,7.0
1MYT,3ADK,0.04036697247706422,9.0
2LHB,3ADK,0.03468735737106344,5.0
1HLM,3ADK,0.04931748128577719,6.0
1HLB,3ADK,0.029438001784121322,8.0
1ENH,3ADK,0.042821158690176324,10.0
1FTZ,3ADK,0.042352941176470586,11.0
1HDP,3ADK,0.036275695284159616,11.0
1OCP,3ADK,0.03664302600472813,10.0
1POU,3ADK,0.04332552693208431,4.0
1FTT,3ADK,0.03659976387249114,6.0
1VND,3ADK,0.036384309266628764,7.0
1CLH,3ADK,0.032409381663113,10.0
1GRG,3ADK,0.019554342883128694,13.0
1NHR,3ADK,0.020808129687878055,16.0
1LVL,3ADK,0.02033096926713948,16.0
1TDF,3ADK,0.023643528341921793,10.0
1VDC,3ADK,0.025153553670663936,16.0
1AK2,1UKY,0.20498420498420497,8.0
1AKY,1UKY,0.19033886085075702,9.0
1UKY,2RAN,0.027190332326283987,20.0
1AII,1UKY,0.027614571092831962,6.0
1ALA,1UKY,0.03220035778175313,6.0
1AIN,1UKY,0.02652200120554551,14.0
1ANN,1UKY,0.029779630732578916,17.0
1UKY,2PLT,0.03662258392675483,13.0
1UKY,3PCY,0.046724225495175215,16.0
1UKY,7PCY,0.03969465648854962,11.0
1AAJ,1UKY,0.04156358238495794,12.0
1PAZ,1UKY,0.03500473036896878,16.0
1PMY,1UKY,0.05327102803738318,10.0
1JER,1UKY,0.028896672504378284,11.0
1UKY,1ZIA,0.030826716487622606,14.0
1UKY,9PCY,0.031408308004052685,17.0
1PLB,1UKY,0.033656297807241206,9.0
1NIN,1UKY,0.03578528827037773,11.0
1PAL,1UKY,0.04,13.0
1UKY,4CPV,0.04397801099450275,17.0
1UKY,4TNC,0.04555040067482075,9.0
1UKY,5PAL,0.03749383325111001,6.0
1OMD,1UKY,0.03654320987654321,6.0
1REC,1UKY,0.03574144486692015,11.0
1CLB,1UKY,0.04553026096612993,8.0
1CTR,1UKY,0.0343158820941487,8.0
1UKY,2SAS,0.038535645472061654,17.0
1PE6,1UKY,0.022056207755247245,6.0
1AEC,1UKY,0.02479631597591215,8.0
1PPO,1UKY,0.0333569907735983,12.0
1UKY,1YAL,0.024700070571630206,22.0
1CSU,1UKY,0.02911208151382824,8.0
1HRC,1UKY,0.045477014335145824,12.0
1UKY,3C2C,0.041951219512195125,9.0
1CCR,1UKY,0.03848003848003848,10.0
1CXC,1UKY,0.03970452446906741,11.0
155C,1UKY,0.03278688524590164,11.0
1CRY,1UKY,0.030407062285434036,15.0
1UKY,3DFR,0.031496062992125984,14.0
1UKY,8DFR,0.03491078355314197,12.0
1DYR,1UKY,0.042222222222222223,12.0
1DLR,1UKY,0.03731053245239021,16.0
1CRB,1UKY,0.03294746215494212,8.0
1HMR,1UKY,0.037927844588344126,8.0
1ICN,1UKY,0.02956120092378753,18.0
1MDC,1UKY,0.041628122109158186,30.0
1ALB,1UKY,0.033287101248266296,7.0
1CBQ,1UKY,0.03257918552036199,9.0
1EAL,1UKY,0.029836829836829837,9.0
1FRD,1UKY,0.032355915065722954,22.0
1UKY,2PIA,0.02121559633027523,16.0
1DOX,1UKY,0.033622007131940905,14.0
1ROE,1UKY,0.044647387113140535,9.0
1DOI,1UKY,0.03363636363636364,8.0
1UKY,4FXC,0.03441295546558704,9.0
1UKY,3FX2,0.036490008688097306,18.0
1FLV,1UKY,0.03099510603588907,13.0
1OFV,1UKY,0.0326530612244898,11.0
1UKY,2FRC,0.045477014335145824,12.0
1FLA,1UKY,0.03220035778175313,13.0
1UKY,5FD1,0.03236554021894336,9.0
1FDN,1UKY,0.0335842501447597,11.0
1FXD,1UKY,0.033506643558636626,6.0
1BLU,1UKY,0.039790575916230364,7.0
1ROF,1UKY,0.04230989136649514,6.0
1CLF,1UKY,0.03137710633352702,6.0
1UKY,2SPL,0.036862408915559364,9.0
1UKY,3MBA,0.0415929203539823,7.0
1ASH,1UKY,0.03888419273034658,16.0
1ECN,1UKY,0.0370872908186341,12.0
1FLP,1UKY,0.046944198405668734,19.0
1GDJ,1UKY,0.03415061295971979,7.0
1HBG,1UKY,0.04397537379067722,18.0
1HSA,1UKY,0.019005847953216373,10.0
1LHS,1UKY,0.03874300473525613,10.0
1MYT,1UKY,0.0398406374501992,12.0
1UKY,2LHB,0.02907488986784141,8.0
1HLM,1UKY,0.0425531914893617,9.0
1HLB,1UKY,0.03963808703145196,11.0
1ENH,1UKY,0.03959208158368326,13.0
1FTZ,1UKY,0.03035413153456998,12.0
1HDP,1UKY,0.04616272360069244,14.0
1OCP,1UKY,0.044042913608131,13.0
1POU,1UKY,0.03917179630665921,7.0
1FTT,1UKY,0.046249294980259446,9.0
1UKY,1VND,0.035908596300326445,8.0
1CLH,1UKY,0.027227722772277228,11.0
1GRG,1UKY,0.016975653339289704,14.0
1NHR,1UKY,0.023266856600189935,19.0
1LVL,1UKY,0.021350661406358783,19.0
1TDF,1UKY,0.023682652457075192,11.0
1UKY,1VDC,0.020011435105774727,15.0
1AK2,1AKY,0.5756457564575646,5.0
1AK2,2RAN,0.02388399203866932,12.0
1AII,1AK2,0.0321240653558571,4.0
1AK2,1ALA,0.029766919404661613,4.0
1AIN,1AK2,0.02553191489361702,12.0
1AK2,1ANN,0.02244039270687237,15.0
1AK2,2PLT,0.04141739530602853,11.0
1AK2,3PCY,0.03216911764705882,12.0
1AK2,7PCY,0.034990791896869246,11.0
1AAJ,1AK2,0.03141831238779174,10.0
1AK2,1PAZ,0.03532959931064197,14.0
1AK2,1PMY,0.026416702172986792,6.0
1AK2,1JER,0.03613006824568447,5.0
1AK2,1ZIA,0.039182282793867124,10.0
1AK2,9PCY,0.03576341127922971,11.0
1AK2,1PLB,0.04151291512915129,9.0
1AK2,1NIN,0.03605227579990987,9.0
1AK2,1PAL,0.030811055731762575,13.0
1AK2,4CPV,0.034420289855072464,17.0
1AK2,4TNC,0.03646237393328161,9.0
1AK2,5PAL,0.03312444046553268,6.0
1AK2,1OMD,0.03494623655913978,6.0
1AK2,1REC,0.037363412054987666,11.0
1AK2,1CLB,0.055776892430278883,8.0
1AK2,1CTR,0.031451612903225803,6.0
1AK2,2SAS,0.04068522483940043,13.0
1AK2,1PE6,0.02186878727634195,4.0
1AEC,1AK2,0.036303630363036306,6.0
1AK2,1PPO,0.02909090909090909,12.0
1AK2,1YAL,0.028937849391647483,18.0
1AK2,1CSU,0.037037037037037035,4.0
1AK2,1HRC,0.030493273542600896,8.0
1AK2,3C2C,0.033673017279574655,5.0
1AK2,1CCR,0.04199475065616798,8.0
1AK2,1CXC,0.03708386009270965,9.0
155C,1AK2,0.04184457728437233,9.0
1AK2,1CRY,0.027604630454140695,13.0
1AK2,3DFR,0.04122137404580153,12.0
1AK2,8DFR,0.027289048473967684,8.0
1AK2,1DYR,0.042655658754729965,6.0
1AK2,1DLR,0.03525179856115108,12.0
1AK2,1CRB,0.03913575214023644,6.0
1AK2,1HMR,0.03630223723089911,6.0
1AK2,1ICN,0.03204047217537943,10.0
1AK2,1MDC,0.034613761080624736,18.0
1AK2,1ALB,0.030379746835443037,5.0
1AK2,1CBQ,0.032271410839884156,7.0
1AK2,1EAL,0.04421768707482993,5.0
1AK2,1FRD,0.035697940503432495,16.0
1AK2,2PIA,0.027604871447902572,12.0
1AK2,1DOX,0.03317972350230415,10.0
1AK2,1ROE,0.05417814508723599,7.0
1AK2,1DOI,0.03822185292895721,6.0
1AK2,4FXC,0.03298213467704993,5.0
1AK2,3FX2,0.045436428856117976,14.0
1AK2,1FLV,0.02557352388115833,9.0
1AK2,1OFV,0.027850959729017688,9.0
1AK2,2FRC,0.030493273542600896,6.0
1AK2,1FLA,0.03929594760540319,7.0
1AK2,5FD1,0.033795493934142114,7.0
1AK2,1FDN,0.031023784901758014,7.0
1AK2,1FXD,0.033023735810113516,6.0
1AK2,1BLU,0.042512990080302314,7.0
1AK2,1ROF,0.03067484662576687,6.0
1AK2,1CLF,0.03008298755186722,4.0
1AK2,2SPL,0.029921259842519685,5.0
1AK2,3MBA,0.02513173895419538,7.0
1AK2,1ASH,0.03653322969296541,12.0
1AK2,1ECN,0.02564102564102564,8.0
1AK2,1FLP,0.030831643002028397,11.0
1AK2,1GDJ,0.0337213970293055,5.0
1AK2,1HBG,0.028214429665457477,10.0
1AK2,1HSA,0.022857142857142857,6.0
1AK2,1LHS,0.03162055335968379,6.0
1AK2,1MYT,0.042984590429845905,8.0
1AK2,2LHB,0.03552684699232943,4.0
1AK2,1HLM,0.03128666405944466,5.0
1AK2,1HLB,0.03481012658227848,7.0
1AK2,1ENH,0.042689434364994665,9.0
1AK2,1FTZ,0.02920443101711984,10.0
1AK2,1HDP,0.03917525773195876,10.0
1AK2,1OCP,0.03538928210313448,11.0
1AK2,1POU,0.029087261785356068,5.0
1AK2,1FTT,0.028282828282828285,7.0
1AK2,1VND,0.034229828850855744,10.0
1AK2,1CLH,0.03040668947168377,7.0
1AK2,1GRG,0.018787361229718188,10.0
1AK2,1NHR,0.022176963113826657,15.0
1AK2,1LVL,0.021257750221434897,17.0
1AK2,1TDF,0.02510460251046025,13.0
1AK2,1VDC,0.02699055330634278,13.0
1AKY,2RAN,0.03312027890761186,9.0
1AII,1AKY,0.03733031674208145,3.0
1AKY,1ALA,0.03384968445209409,3.0
1AIN,1AKY,0.028405797101449276,11.0
1AKY,1ANN,0.02865329512893983,14.0
1AKY,2PLT,0.03527168732125834,8.0
1AKY,3PCY,0.047596382674916705,11.0
1AKY,7PCY,0.04101096804959466,10.0
1AAJ,1AKY,0.029725963771481654,11.0
1AKY,1PAZ,0.034728406055209264,13.0
1AKY,1PMY,0.029049295774647887,5.0
1AKY,1JER,0.037251655629139076,4.0
1AKY,1ZIA,0.04487461504619446,9.0
1AKY,9PCY,0.0446343779677113,14.0
1AKY,1PLB,0.04300047778308648,8.0
1AKY,1NIN,0.03917910447761194,10.0
1AKY,1PAL,0.03564727954971857,12.0
1AKY,4CPV,0.04313173933427098,16.0
1AKY,4TNC,0.036755892928485814,10.0
1AKY,5PAL,0.041685965724872626,3.0
1AKY,1OMD,0.034306907742234584,5.0
1AKY,1REC,0.031136857349746562,10.0
1AKY,1CLB,0.04138644593895499,7.0
1AKY,1CTR,0.03908523908523909,7.0
1AKY,2SAS,0.03006967363403007,12.0
1AKY,1PE6,0.022426095820591234,3.0
1AEC,1AKY,0.04196277495769882,3.0
1AKY,1PPO,0.026440677966101694,9.0
1AKY,1YAL,0.022252191503708697,19.0
1AKY,1CSU,0.031007751937984496,3.0
1AKY,1HRC,0.037122969837587005,7.0
1AKY,3C2C,0.034830430797433545,2.0
1AKY,1CCR,0.0370872908186341,5.0
1AKY,1CXC,0.03220191470844212,6.0
155C,1AKY,0.0388178209086899,8.0
1AKY,1CRY,0.03592814371257485,12.0
1AKY,3DFR,0.03693516699410609,11.0
1AKY,8DFR,0.03616236162361624,7.0
1AKY,1DYR,0.02824858757062147,5.0
1AKY,1DLR,0.03031423290203327,13.0
1AKY,1CRB,0.03532380151387721,7.0
1AKY,1HMR,0.03051438535309503,5.0
1AKY,1ICN,0.03744013931214628,9.0
1AKY,1MDC,0.03312990409764603,17.0
1AKY,1ALB,0.03398692810457516,4.0
1AKY,1CBQ,0.036720751494449186,4.0
1AKY,1EAL,0.039525691699604744,4.0
1AKY,1FRD,0.029383886255924172,15.0
1AKY,2PIA,0.023204419889502764,11.0
1AKY,1DOX,0.03341288782816229,9.0
1AKY,1ROE,0.04089396100808369,4.0
1AKY,1DOI,0.03773584905660377,3.0
1AKY,4FXC,0.028462998102466792,2.0
1AKY,3FX2,0.04026294165981923,13.0
1AKY,1FLV,0.03637770897832817,8.0
1AKY,1OFV,0.041053446940356314,8.0
1AKY,2FRC,0.037122969837587005,5.0
1AKY,1FLA,0.03885135135135135,10.0
1AKY,5FD1,0.03493058665472459,6.0
1AKY,1FDN,0.03442711135018827,8.0
1AKY,1FXD,0.03650026838432636,5.0
1AKY,1BLU,0.05288932419196866,6.0
1AKY,1ROF,0.029771398192450824,5.0
1AKY,1CLF,0.025903939557474366,3.0
1AKY,2SPL,0.03407707910750507,2.0
1AKY,3MBA,0.029264214046822744,4.0
1AKY,1ASH,0.03763010408326661,11.0
1AKY,1ECN,0.03841229193341869,9.0
1AKY,1FLP,0.03765690376569038,12.0
1AKY,1GDJ,0.029801324503311258,4.0
1AKY,1HBG,0.03408146300914381,13.0
1AKY,1HSA,0.021333333333333333,3.0
1AKY,1LHS,0.04480651731160896,3.0
1AKY,1MYT,0.03931409452112087,5.0
1AKY,2LHB,0.034970857618651124,3.0
1AKY,1HLM,0.035455278001611606,4.0
1AKY,1HLB,0.03913575214023644,6.0
1AKY,1ENH,0.0433574207893274,8.0
1AKY,1FTZ,0.03453689167974882,9.0
1AKY,1HDP,0.0353887399463807,9.0
1AKY,1OCP,0.03573305307409354,10.0
1AKY,1POU,0.03230849400729546,4.0
1AKY,1FTT,0.030446194225721784,6.0
1AKY,1VND,0.028426395939086295,9.0
1AKY,1CLH,0.0297339593114241,8.0
1AKY,1GRG,0.021262746799739638,9.0
1AKY,1NHR,0.020718232044198894,16.0
1AKY,1LVL,0.02206710200405314,16.0
1AKY,1TDF,0.02621082621082621,12.0
1AKY,1VDC,0.02699724517906336,14.0
1AII,2RAN,0.5009823182711198,12.0
1ALA,2RAN,0.792143212332173,12.0
1AIN,2RAN,0.4134470647265429,18.0
1ANN,2RAN,0.5866865375062096,13.0
2PLT,2RAN,0.02733485193621868,13.0
2RAN,3PCY,0.03185437997724687,14.0
2RAN,7PCY,0.025826053930877325,21.0
1AAJ,2RAN,0.022313127556712532,18.0
1PAZ,2RAN,0.0301941049604601,12.0
1PMY,2RAN,0.02849002849002849,12.0
1JER,2RAN,0.025067750677506776,9.0
1ZIA,2RAN,0.037023851904592384,16.0
2RAN,9PCY,0.028009084027252083,21.0
1PLB,2RAN,0.026626093571700267,19.0
1NIN,2RAN,0.027611940298507463,17.0
1PAL,2RAN,0.03373313343328336,23.0
2RAN,4CPV,0.04196328212813788,27.0
2RAN,4TNC,0.035538005923000986,21.0
2RAN,5PAL,0.04897959183673469,14.0
1OMD,2RAN,0.0363906424062384,12.0
1REC,2RAN,0.02971497877501516,11.0
1CLB,2RAN,0.041312272174969626,12.0
1CTR,2RAN,0.045562733764025844,18.0
2RAN,2SAS,0.030033711308611707,15.0
1PE6,2RAN,0.018396090830698476,12.0
1AEC,2RAN,0.024061873388713836,8.0
1PPO,2RAN,0.021801491681009755,14.0
1YAL,2RAN,0.023415191319246145,14.0
1CSU,2RAN,0.022718944668376696,6.0
1HRC,2RAN,0.023782980304719436,6.0
2RAN,3C2C,0.026490066225165563,5.0
1CCR,2RAN,0.024026210411357846,10.0
1CXC,2RAN,0.03599153140437544,11.0
155C,2RAN,0.025686764181234393,13.0
1CRY,2RAN,0.03250831178426302,15.0
2RAN,3DFR,0.02661473547549497,14.0
2RAN,8DFR,0.030807147258163893,10.0
1DYR,2RAN,0.023752969121140142,6.0
1DLR,2RAN,0.024683739586547362,18.0
1CRB,2RAN,0.04118050789293068,12.0
1HMR,2RAN,0.029681978798586573,10.0
1ICN,2RAN,0.027532650900105895,8.0
1MDC,2RAN,0.03180212014134275,16.0
1ALB,2RAN,0.03461674320028259,13.0
1CBQ,2RAN,0.03474635163307853,13.0
1EAL,2RAN,0.030572342694632066,7.0
1FRD,2RAN,0.026455026455026454,14.0
2PIA,2RAN,0.02021174205967276,14.0
1DOX,2RAN,0.025845686050931203,12.0
1ROE,2RAN,0.027283061765820387,7.0
1DOI,2RAN,0.029288702928870293,8.0
2RAN,4FXC,0.02798789712556732,5.0
2RAN,3FX2,0.030303030303030304,16.0
1FLV,2RAN,0.041025641025641026,11.0
1OFV,2RAN,0.039769082745349585,11.0
2FRC,2RAN,0.023782980304719436,6.0
1FLA,2RAN,0.029614325068870524,13.0
2RAN,5FD1,0.041170097508125676,13.0
1FDN,2RAN,0.026722338204592903,9.0
1FXD,2RAN,0.03668195081283868,16.0
1BLU,2RAN,0.027928626842513578,13.0
1ROF,2RAN,0.02399669011170873,16.0
1CLF,2RAN,0.02678945165341147,12.0
2RAN,2SPL,0.02999000333222259,5.0
2RAN,3MBA,0.02663934426229508,11.0
1ASH,2RAN,0.024390243902439025,18.0
1ECN,2RAN,0.03334491142757902,18.0
1FLP,2RAN,0.025290498974709502,11.0
1GDJ,2RAN,0.02981029810298103,13.0
1HBG,2RAN,0.036709721278042146,18.0
1HSA,2RAN,0.01669941060903733,4.0
1LHS,2RAN,0.03142761618187897,6.0
1MYT,2RAN,0.030748206354629312,8.0
2LHB,2RAN,0.031994554118447927,6.0
1HLM,2RAN,0.03777335984095427,7.0
1HLB,2RAN,0.03747072599531616,9.0
1ENH,2RAN,0.030835117773019272,9.0
1FTZ,2RAN,0.029423784225582346,12.0
1HDP,2RAN,0.025822573927530196,12.0
1OCP,2RAN,0.02706027060270603,19.0
1POU,2RAN,0.03014256619144603,13.0
1FTT,2RAN,0.027857435477263416,9.0
1VND,2RAN,0.025538707102952914,20.0
1CLH,2RAN,0.025226390685640362,11.0
1GRG,2RAN,0.019825072886297375,10.0
1NHR,2RAN,0.02336065573770492,25.0
1LVL,2RAN,0.016877637130801686,25.0
1TDF,2RAN,0.022738507167572912,21.0
1VDC,2RAN,0.02688430148823812,21.0
1AII,1ALA,0.5136054421768708,2.0
1AII,1AIN,0.48137254901960785,10.0
1AII,1ANN,0.5393203883495146,13.0
1AII,2PLT,0.02346041055718475,9.0
1AII,3PCY,0.02929329915781765,12.0
1AII,7PCY,0.024935826916024934,7.0
1AAJ,1AII,0.025152712899748474,8.0
1AII,1PAZ,0.02851182197496523,12.0
1AII,1PMY,0.028256374913852515,4.0
1AII,1JER,0.020354563361785948,5.0
1AII,1ZIA,0.029624526352049603,10.0
1AII,9PCY,0.023391812865497075,15.0
1AII,1PLB,0.028644876973925818,5.0
1AII,1NIN,0.02595529920692141,7.0
1AII,1PAL,0.03475742215785663,9.0
1AII,4CPV,0.034020991675714804,13.0
1AII,4TNC,0.04915416533673795,7.0
1AII,5PAL,0.045177482968806026,2.0
1AII,1OMD,0.03157517043415859,2.0
1AII,1REC,0.031839622641509434,7.0
1AII,1CLB,0.03589543503706594,4.0
1AII,1CTR,0.04546952224052718,4.0
1AII,2SAS,0.03515043193327376,11.0
1AII,1PE6,0.022949902043101034,2.0
1AEC,1AII,0.02287308228730823,4.0
1AII,1PPO,0.021787709497206705,10.0
1AII,1YAL,0.020022246941045607,18.0
1AII,1CSU,0.026921714488133193,2.0
1AII,1HRC,0.029443447037701975,6.0
1AII,3C2C,0.024893314366998577,3.0
1AII,1CCR,0.027455121436114043,4.0
1AII,1CXC,0.028688524590163935,5.0
155C,1AII,0.030376251294442526,7.0
1AII,1CRY,0.02284898250624777,11.0
1AII,3DFR,0.030236220472440945,10.0
1AII,8DFR,0.025748502994011976,6.0
1AII,1DYR,0.038128249566724434,4.0
1AII,1DLR,0.022188905547226388,10.0
1AII,1CRB,0.03125,4.0
1AII,1HMR,0.03419972640218878,2.0
1AII,1ICN,0.02801503245644004,10.0
1AII,1MDC,0.04103967168262654,20.0
1AII,1ALB,0.029401709401709403,1.0
1AII,1CBQ,0.03028263795423957,3.0
1AII,1EAL,0.02889576883384933,3.0
1AII,1FRD,0.027737226277372264,16.0
1AII,2PIA,0.02258823529411765,10.0
1AII,1DOX,0.02055045871559633,10.0
1AII,1ROE,0.021953896816684963,3.0
1AII,1DOI,0.022957461174881837,2.0
1AII,4FXC,0.022644265887509132,3.0
1AII,3FX2,0.030026109660574413,12.0
1AII,1FLV,0.03546981953951462,7.0
1AII,1OFV,0.023661270236612703,7.0
1AII,2FRC,0.029443447037701975,4.0
1AII,1FLA,0.0266844563042028,9.0
1AII,5FD1,0.028641285365001747,5.0
1AII,1FDN,0.027320208919244676,5.0
1AII,1FXD,0.026474127557160047,2.0
1AII,1BLU,0.0344311377245509,3.0
1AII,1ROF,0.02309836718438869,2.0
1AII,1CLF,0.02013693113169553,2.0
1AII,2SPL,0.03360258481421648,3.0
1AII,3MBA,0.03441429516876241,5.0
1AII,1ASH,0.029411764705882353,12.0
1AII,1ECN,0.02892700975445678,8.0
1AII,1FLP,0.033112582781456956,13.0
1AII,1GDJ,0.030860144451739988,1.0
1AII,1HBG,0.02766798418972332,12.0
1AII,1HSA,0.011267605633802818,4.0
1AII,1LHS,0.03241491085899514,4.0
1AII,1MYT,0.037073816617014234,6.0
1AII,2LHB,0.03562005277044855,2.0
1AII,1HLM,0.03470437017994859,3.0
1AII,1HLB,0.040220564385338956,5.0
1AII,1ENH,0.036228900782214905,7.0
1AII,1FTZ,0.03778040141676505,8.0
1AII,1HDP,0.02404809619238477,10.0
1AII,1OCP,0.024476904855902093,9.0
1AII,1POU,0.03060023538642605,3.0
1AII,1FTT,0.027613412228796843,5.0
1AII,1VND,0.026923076923076925,6.0
1AII,1CLH,0.025109855618330193,7.0
1AII,1GRG,0.022141630082076733,8.0
1AII,1NHR,0.021712907117008445,13.0
1AII,1LVL,0.01695917964898442,15.0
1AII,1TDF,0.020289855072463767,9.0
1AII,1VDC,0.01784037558685446,15.0
1AIN,1ALA,0.4347394540942928,12.0
1ALA,1ANN,0.5744471744471744,13.0
1ALA,2PLT,0.030619865571321882,7.0
1ALA,3PCY,0.029839612085042894,12.0
1ALA,7PCY,0.026895778856929398,7.0
1AAJ,1ALA,0.03219904866447128,8.0
1ALA,1PAZ,0.029016277423920735,12.0
1ALA,1PMY,0.028050490883590462,4.0
1ALA,1JER,0.022029372496662217,3.0
1ALA,1ZIA,0.043463021381002456,6.0
1ALA,9PCY,0.023827252419955324,11.0
1ALA,1PLB,0.02543958099513655,5.0
1ALA,1NIN,0.02276064610866373,7.0
1ALA,1PAL,0.028761061946902654,9.0
1ALA,4CPV,0.03833394765941762,13.0
1ALA,4TNC,0.03892312682452157,7.0
1ALA,5PAL,0.03285870755750274,2.0
1ALA,1OMD,0.029959810010960906,2.0
1ALA,1REC,0.02154398563734291,7.0
1ALA,1CLB,0.03263032232391564,4.0
1ALA,1CTR,0.039530988274706864,4.0
1ALA,2SAS,0.03023888720895071,11.0
1ALA,1PE6,0.019869429463525403,0.0
1AEC,1ALA,0.022065063649222064,2.0
1ALA,1PPO,0.018696883852691217,8.0
1ALA,1YAL,0.01748448956570784,18.0
1ALA,1CSU,0.02596465921384782,2.0
1ALA,1HRC,0.029250457038391225,6.0
1ALA,3C2C,0.022447501810282405,3.0
1ALA,1CCR,0.02293084915800788,6.0
1ALA,1CXC,0.034051424600416956,7.0
155C,1ALA,0.02528977871443625,9.0
1ALA,1CRY,0.028353326063249727,11.0
1ALA,3DFR,0.02752,10.0
1ALA,8DFR,0.02796352583586626,6.0
1ALA,1DYR,0.02813599062133646,6.0
1ALA,1DLR,0.023744292237442923,12.0
1ALA,1CRB,0.030425963488843813,6.0
1ALA,1HMR,0.032011134307585246,4.0
1ALA,1ICN,0.030587417448731318,10.0
1ALA,1MDC,0.029923451635351428,20.0
1ALA,1ALB,0.03269565217391304,3.0
1ALA,1CBQ,0.022587268993839837,5.0
1ALA,1EAL,0.023101155057752887,3.0
1ALA,1FRD,0.0275092936802974,14.0
1ALA,2PIA,0.017142857142857144,10.0
1ALA,1DOX,0.023177570093457944,10.0
1ALA,1ROE,0.02609019754006709,5.0
1ALA,1DOI,0.027472527472527472,4.0
1ALA,4FXC,0.027529761904761904,3.0
1ALA,3FX2,0.035832780358327807,12.0
1ALA,1FLV,0.029077117572692796,7.0
1ALA,1OFV,0.024667931688804556,7.0
1ALA,2FRC,0.029250457038391225,6.0
1ALA,1FLA,0.023744911804613297,9.0
1ALA,5FD1,0.03341628154994668,5.0
1ALA,1FDN,0.025420254202542025,7.0
1ALA,1FXD,0.03029062627916496,2.0
1ALA,1BLU,0.02517162471395881,3.0
1ALA,1ROF,0.021942299878098336,2.0
1ALA,1CLF,0.01972872996300863,0.0
1ALA,2SPL,0.029556650246305417,3.0
1ALA,3MBA,0.023553162853297442,3.0
1ALA,1ASH,0.025341130604288498,8.0
1ALA,1ECN,0.03352719808416011,6.0
1ALA,1FLP,0.03434343434343434,13.0
1ALA,1GDJ,0.0267022696929239,3.0
1ALA,1HBG,0.03549899531145345,12.0
1ALA,1HSA,0.023076923076923078,4.0
1ALA,1LHS,0.03887973640856672,4.0
1ALA,1MYT,0.035005048805116123,6.0
1ALA,2LHB,0.03420523138832998,2.0
1ALA,1HLM,0.035924232527759635,3.0
1ALA,1HLB,0.040224200461589185,5.0
1ALA,1ENH,0.03026481715006305,7.0
1ALA,1FTZ,0.02729827378562826,8.0
1ALA,1HDP,0.023721881390593048,6.0
1ALA,1OCP,0.022553362867498993,7.0
1ALA,1POU,0.03201280512204882,1.0
1ALA,1FTT,0.027364185110663984,5.0
1ALA,1VND,0.023529411764705882,6.0
1ALA,1CLH,0.023596938775510203,7.0
1ALA,1GRG,0.016573520909616498,10.0
1ALA,1NHR,0.021527213647441104,15.0
1ALA,1LVL,0.016331408086038637,15.0
1ALA,1TDF,0.020537897310513448,9.0
1ALA,1VDC,0.019477434679334917,11.0
1AIN,1ANN,0.4367873078829945,21.0
1AIN,2PLT,0.026495079485238455,13.0
1AIN,3PCY,0.030245746691871456,20.0
1AIN,7PCY,0.03180613404013631,17.0
1AAJ,1AIN,0.02521319985168706,16.0
1AIN,1PAZ,0.035842293906810034,22.0
1AIN,1PMY,0.0234375,14.0
1AIN,1JER,0.025675675675675677,15.0
1AIN,1ZIA,0.029818956336528223,18.0
1AIN,9PCY,0.025660377358490565,21.0
1AIN,1PLB,0.02957906712172924,13.0
1AIN,1NIN,0.025297619047619048,17.0
1AIN,1PAL,0.03811659192825112,17.0
1AIN,4CPV,0.03884945834889802,19.0
1AIN,4TNC,0.03741384968821792,13.0
1AIN,5PAL,0.03773584905660377,10.0
1AIN,1OMD,0.03480192521288412,12.0
1AIN,1REC,0.03690260133091349,15.0
1AIN,1CLB,0.05006055712555511,12.0
1AIN,1CTR,0.038657171922685654,12.0
1AIN,2SAS,0.028125955365331703,19.0
1AIN,1PE6,0.019501003728133067,12.0
1AEC,1AIN,0.019434124035438698,12.0
1AIN,1PPO,0.018889524899828276,18.0
1AIN,1YAL,0.021652421652421653,22.0
1AIN,1CSU,0.02703690171720862,12.0
1AIN,1HRC,0.03408669877732493,14.0
1AIN,3C2C,0.032281731474688186,11.0
1AIN,1CCR,0.02323049001814882,12.0
1AIN,1CXC,0.030260380014074596,13.0
155C,1AIN,0.024902170046246886,15.0
1AIN,1CRY,0.026519337016574586,17.0
1AIN,3DFR,0.024603431531239884,18.0
1AIN,8DFR,0.027658266748617086,16.0
1AIN,1DYR,0.027843601895734597,14.0
1AIN,1DLR,0.030778701138811943,18.0
1AIN,1CRB,0.03764544832306639,12.0
1AIN,1HMR,0.031007751937984496,12.0
1AIN,1ICN,0.026751143963393172,20.0
1AIN,1MDC,0.02536997885835095,28.0
1AIN,1ALB,0.02676998943289891,9.0
1AIN,1CBQ,0.024255024255024255,11.0
1AIN,1EAL,0.024104927330733782,11.0
1AIN,1FRD,0.024114544084400905,24.0
1AIN,2PIA,0.01777137367915466,14.0
1AIN,1DOX,0.02197802197802198,14.0
1AIN,1ROE,0.02568945976577257,9.0
1AIN,1DOI,0.025034770514603615,10.0
1AIN,4FXC,0.03167420814479638,11.0
1AIN,3FX2,0.028206850235057087,22.0
1AIN,1FLV,0.028132992327365727,17.0
1AIN,1OFV,0.027511196417146513,13.0
1AIN,2FRC,0.03408669877732493,14.0
1AIN,1FLA,0.030906593406593408,13.0
1AIN,5FD1,0.028087864602088584,15.0
1AIN,1FDN,0.024968789013732832,15.0
1AIN,1FXD,0.033236393851267136,10.0
1AIN,1BLU,0.03248259860788863,13.0
1AIN,1ROF,0.028041237113402062,12.0
1AIN,1CLF,0.025031289111389236,12.0
1AIN,2SPL,0.04187437686939183,11.0
1AIN,3MBA,0.025885558583106268,11.0
1AIN,1ASH,0.04339250493096647,20.0
1AIN,1ECN,0.038794596466920676,18.0
1AIN,1FLP,0.025221540558963872,23.0
1AIN,1GDJ,0.027702702702702704,11.0
1AIN,1HBG,0.03661016949152542,14.0
1AIN,1HSA,0.016634050880626222,10.0
1AIN,1LHS,0.04668222740913638,12.0
1AIN,1MYT,0.03884156729131175,14.0
1AIN,2LHB,0.04276985743380855,12.0
1AIN,1HLM,0.03040317250495704,11.0
1AIN,1HLB,0.03403403403403404,15.0
1AIN,1ENH,0.02987622705932565,15.0
1AIN,1FTZ,0.03584521384928717,16.0
1AIN,1HDP,0.034039020340390205,20.0
1AIN,1OCP,0.027789129546383327,17.0
1AIN,1POU,0.02679658952496955,11.0
1AIN,1FTT,0.027766435279706004,13.0
1AIN,1VND,0.026252983293556086,16.0
1AIN,1CLH,0.023225806451612905,15.0
1AIN,1GRG,0.02173491170192121,16.0
1AIN,1NHR,0.027414075286415714,21.0
1AIN,1LVL,0.02086258776328987,19.0
1AIN,1TDF,0.01973359644795264,15.0
1AIN,1VDC,0.020124580737901295,23.0
1ANN,2PLT,0.023862788963460103,20.0
1ANN,3PCY,0.030540037243947857,19.0
1ANN,7PCY,0.02536367027228646,20.0
1AAJ,1ANN,0.02557544757033248,17.0
1ANN,1PAZ,0.028975265017667843,13.0
1ANN,1PMY,0.032913165266106444,11.0
1ANN,1JER,0.019333333333333334,14.0
1ANN,1ZIA,0.030101505075253762,19.0
1ANN,9PCY,0.025278810408921933,24.0
1ANN,1PLB,0.03212551363466567,18.0
1ANN,1NIN,0.024926686217008796,16.0
1ANN,1PAL,0.027245949926362298,20.0
1ANN,4CPV,0.03459698196540302,20.0
1ANN,4TNC,0.027858762552640103,20.0
1ANN,5PAL,0.04083120670798396,15.0
1ANN,1OMD,0.03356439255746078,11.0
1ANN,1REC,0.024506873879258817,8.0
1ANN,1CLB,0.04370282081843464,13.0
1ANN,1CTR,0.03211776513884242,15.0
1ANN,2SAS,0.026578073089700997,18.0
1ANN,1PE6,0.02211511199319535,13.0
1AEC,1ANN,0.02204012432890647,11.0
1ANN,1PPO,0.017543859649122806,17.0
1ANN,1YAL,0.023661971830985916,21.0
1ANN,1CSU,0.024486856319769535,9.0
1ANN,1HRC,0.02044541803577948,9.0
1ANN,3C2C,0.03109182935647144,10.0
1ANN,1CCR,0.024329159212880144,13.0
1ANN,1CXC,0.027064538514920196,14.0
155C,1ANN,0.022448263767099262,16.0
1ANN,1CRY,0.029764065335753175,18.0
1ANN,3DFR,0.03195909236177692,17.0
1ANN,8DFR,0.037037037037037035,13.0
1ANN,1DYR,0.020491803278688523,11.0
1ANN,1DLR,0.029796290665855884,19.0
1ANN,1CRB,0.035111411208642807,13.0
1ANN,1HMR,0.03127171646977067,11.0
1ANN,1ICN,0.027768136063866713,15.0
1ANN,1MDC,0.02640722724113968,27.0
1ALB,1ANN,0.029176797499131643,14.0
1ANN,1CBQ,0.025290498974709502,16.0
1ANN,1EAL,0.02516602586508214,10.0
1ANN,1FRD,0.025241276911655532,21.0
1ANN,2PIA,0.018553758325404377,15.0
1ANN,1DOX,0.03135498320268757,15.0
1ANN,1ROE,0.030517305545217716,12.0
1ANN,1DOI,0.028120713305898493,11.0
1ANN,4FXC,0.02897473997028232,10.0
1ANN,3FX2,0.030483764082173626,19.0
1ANN,1FLV,0.030303030303030304,14.0
1ANN,1OFV,0.030322173089071383,14.0
1ANN,2FRC,0.02044541803577948,11.0
1ANN,1FLA,0.024390243902439025,16.0
1ANN,5FD1,0.019169329073482427,14.0
1ANN,1FDN,0.02783462955382726,10.0
1ANN,1FXD,0.031058438904781365,13.0
1ANN,1BLU,0.02817974105102818,12.0
1ANN,1ROF,0.01947261663286004,15.0
1ANN,1CLF,0.02051702913418137,13.0
1ANN,2SPL,0.032797638570022956,10.0
1ANN,3MBA,0.024193548387096774,14.0
1ANN,1ASH,0.026606099935107073,19.0
1ANN,1ECN,0.030064912880081996,19.0
1ANN,1FLP,0.03093476798924008,18.0
1ANN,1GDJ,0.03,14.0
1ANN,1HBG,0.03545150501672241,23.0
1ANN,1HSA,0.016314779270633396,11.0
1ANN,1LHS,0.028956893715037842,11.0
1ANN,1MYT,0.03697478991596639,13.0
1ANN,2LHB,0.030810448760884127,9.0
1ANN,1HLM,0.0319634703196347,10.0
1ANN,1HLB,0.040171221600263415,12.0
1ANN,1ENH,0.03860679815358791,14.0
1ANN,1FTZ,0.02565130260521042,11.0
1ANN,1HDP,0.028583095140873826,13.0
1ANN,1OCP,0.02734217933252915,18.0
1ANN,1POU,0.024770275669196963,12.0
1ANN,1FTT,0.03374849337083166,12.0
1ANN,1VND,0.031323414252153486,17.0
1ANN,1CLH,0.022292993630573247,14.0
1ANN,1GRG,0.017716156364336606,15.0
1ANN,1NHR,0.029626623376623376,16.0
1ANN,1LVL,0.01711442786069652,28.0
1ANN,1TDF,0.028334147532975085,20.0
1ANN,1VDC,0.027052681537731372,22.0
2PLT,3PCY,0.6357308584686775,17.0
2PLT,7PCY,0.6718386346004654,14.0
1AAJ,2PLT,0.23494423791821561,15.0
1PAZ,2PLT,0.18776077885952713,19.0
1PMY,2PLT,0.18442622950819673,11.0
1JER,2PLT,0.04477611940298507,10.0
1ZIA,2PLT,0.24709897610921502,11.0
2PLT,9PCY,0.5978428351309707,16.0
1PLB,2PLT,0.6428015564202335,12.0
1NIN,2PLT,0.46407185628742514,14.0
1PAL,2PLT,0.05891238670694864,14.0
2PLT,4CPV,0.05584905660377359,18.0
2PLT,4TNC,0.03421828908554572,14.0
2PLT,5PAL,0.05477424130273871,7.0
1OMD,2PLT,0.04744255003706449,9.0
1REC,2PLT,0.032753326509723645,10.0
1CLB,2PLT,0.049777777777777775,5.0
1CTR,2PLT,0.043832185347526614,11.0
2PLT,2SAS,0.03335070349140177,16.0
1PE6,2PLT,0.029976580796252927,7.0
1AEC,2PLT,0.038192827200745225,7.0
1PPO,2PLT,0.04295051353874883,13.0
1YAL,2PLT,0.04541241890639481,15.0
1CSU,2PLT,0.05631768953068592,9.0
1HRC,2PLT,0.05196733481811433,13.0
2PLT,3C2C,0.050946142649199416,8.0
1CCR,2PLT,0.04989308624376337,11.0
1CXC,2PLT,0.04429530201342282,12.0
155C,2PLT,0.0411240575736806,14.0
1CRY,2PLT,0.05135730007336757,18.0
2PLT,3DFR,0.04720782959124928,17.0
2PLT,8DFR,0.03785488958990536,13.0
1DYR,2PLT,0.039525691699604744,13.0
1DLR,2PLT,0.037954665260938325,19.0
1CRB,2PLT,0.030573248407643312,13.0
1HMR,2PLT,0.063257065948856,11.0
1ICN,2PLT,0.04432505036937542,17.0
1MDC,2PLT,0.06056527590847914,27.0
1ALB,2PLT,0.05783456624075319,10.0
1CBQ,2PLT,0.04563233376792699,10.0
1EAL,2PLT,0.047651463580667124,10.0
1FRD,2PLT,0.05837173579109063,21.0
2PIA,2PLT,0.02275960170697013,17.0
1DOX,2PLT,0.06216006216006216,15.0
1ROE,2PLT,0.05250965250965251,6.0
1DOI,2PLT,0.05380577427821522,9.0
2PLT,4FXC,0.05076923076923077,8.0
2PLT,3FX2,0.04797047970479705,19.0
1FLV,2PLT,0.05292792792792793,14.0
1OFV,2PLT,0.040586245772266064,14.0
2FRC,2PLT,0.05196733481811433,13.0
1FLA,2PLT,0.0858974358974359,16.0
2PLT,5FD1,0.07298245614035087,12.0
1FDN,2PLT,0.05518553758325404,14.0
1FXD,2PLT,0.054976303317535544,9.0
1BLU,2PLT,0.05834683954619125,10.0
1ROF,2PLT,0.05964585274930102,9.0
1CLF,2PLT,0.049760765550239235,7.0
2PLT,2SPL,0.04224502112251056,8.0
2PLT,3MBA,0.05303030303030303,4.0
1ASH,2PLT,0.03431952662721893,15.0
1ECN,2PLT,0.04169381107491857,13.0
1FLP,2PLT,0.040455120101137804,20.0
1GDJ,2PLT,0.036069651741293535,10.0
1HBG,2PLT,0.04380475594493116,15.0
1HSA,2PLT,0.031791907514450865,5.0
1LHS,2PLT,0.03764420157862781,9.0
1MYT,2PLT,0.041692987997473153,11.0
2LHB,2PLT,0.04642409033877039,9.0
1HLM,2PLT,0.02986857825567503,10.0
1HLB,2PLT,0.038905775075987845,12.0
1ENH,2PLT,0.03632694248234107,10.0
1FTZ,2PLT,0.03626473254759746,15.0
1HDP,2PLT,0.043519394512771994,13.0
1OCP,2PLT,0.047488584474885846,14.0
1POU,2PLT,0.048604860486048604,8.0
1FTT,2PLT,0.0528714676390155,12.0
1VND,2PLT,0.05163511187607573,13.0
1CLH,2PLT,0.05606407322654462,12.0
1GRG,2PLT,0.02157327019205472,17.0
1NHR,2PLT,0.03959276018099547,22.0
1LVL,2PLT,0.020368841178089733,16.0
1TDF,2PLT,0.03626943005181347,10.0
1VDC,2PLT,0.03047484053862509,16.0
3PCY,7PCY,0.5835913312693498,19.0
1AAJ,3PCY,0.16172106824925817,16.0
1PAZ,3PCY,0.1845940319222762,12.0
1PMY,3PCY,0.18404907975460122,12.0
1JER,3PCY,0.05834885164494103,13.0
1ZIA,3PCY,0.2356948228882834,18.0
3PCY,9PCY,0.8132205995388163,19.0
1PLB,3PCY,0.6785714285714286,17.0
1NIN,3PCY,0.4167289021657954,15.0
1PAL,3PCY,0.07083647324792766,19.0
3PCY,4CPV,0.06325301204819277,23.0
3PCY,4TNC,0.04122497055359246,19.0
3PCY,5PAL,0.04874446085672083,12.0
1OMD,3PCY,0.04437869822485207,12.0
1REC,3PCY,0.03474706182933061,15.0
1CLB,3PCY,0.05673758865248227,14.0
1CTR,3PCY,0.0375,16.0
2SAS,3PCY,0.03850156087408949,15.0
1PE6,3PCY,0.03274087932647334,12.0
1AEC,3PCY,0.03627906976744186,10.0
1PPO,3PCY,0.031701631701631705,16.0
1YAL,3PCY,0.035168903285515966,24.0
1CSU,3PCY,0.06195965417867435,10.0
1HRC,3PCY,0.054814814814814816,12.0
3C2C,3PCY,0.06535947712418301,9.0
1CCR,3PCY,0.05405405405405406,10.0
1CXC,3PCY,0.03884795713328868,13.0
155C,3PCY,0.0506155950752394,9.0
1CRY,3PCY,0.05417276720351391,19.0
3DFR,3PCY,0.041379310344827586,18.0
3PCY,8DFR,0.03989501312335958,14.0
1DYR,3PCY,0.030587074494326592,12.0
1DLR,3PCY,0.035789473684210524,18.0
1CRB,3PCY,0.0508582326764145,14.0
1HMR,3PCY,0.048354600402955,12.0
1ICN,3PCY,0.05361930294906166,12.0
1MDC,3PCY,0.04701141705842848,22.0
1ALB,3PCY,0.049664429530201344,13.0
1CBQ,3PCY,0.05204944697462589,13.0
1EAL,3PCY,0.058423913043478264,11.0
1FRD,3PCY,0.06283524904214559,18.0
2PIA,3PCY,0.03197158081705151,18.0
1DOX,3PCY,0.05271317829457364,14.0
1ROE,3PCY,0.053929121725731895,11.0
1DOI,3PCY,0.06286836935166994,10.0
3PCY,4FXC,0.05832693783576362,9.0
3FX2,3PCY,0.039287906691221605,20.0
1FLV,3PCY,0.03147835862844295,11.0
1OFV,3PCY,0.03601575689364097,15.0
2FRC,3PCY,0.054814814814814816,12.0
1FLA,3PCY,0.05886116442738324,15.0
3PCY,5FD1,0.06582633053221289,15.0
1FDN,3PCY,0.05313092979127135,11.0
1FXD,3PCY,0.06049149338374291,14.0
1BLU,3PCY,0.04688763136620857,13.0
1ROF,3PCY,0.06133828996282528,14.0
1CLF,3PCY,0.05343511450381679,12.0
2SPL,3PCY,0.02891566265060241,9.0
3MBA,3PCY,0.04914933837429111,13.0
1ASH,3PCY,0.03071470761961016,20.0
1ECN,3PCY,0.04291287386215865,12.0
1FLP,3PCY,0.050473186119873815,9.0
1GDJ,3PCY,0.038485412787088766,13.0
1HBG,3PCY,0.03997501561524047,18.0
1HSA,3PCY,0.02302158273381295,10.0
1LHS,3PCY,0.030303030303030304,10.0
1MYT,3PCY,0.04287515762925599,12.0
2LHB,3PCY,0.07138384470882905,10.0
1HLM,3PCY,0.033392963625521764,11.0
1HLB,3PCY,0.03762135922330097,13.0
1ENH,3PCY,0.05835010060362173,15.0
1FTZ,3PCY,0.05063291139240506,16.0
1HDP,3PCY,0.05471698113207547,16.0
1OCP,3PCY,0.04371584699453552,17.0
1POU,3PCY,0.06104129263913824,13.0
1FTT,3PCY,0.05454545454545454,11.0
1VND,3PCY,0.04978540772532189,18.0
1CLH,3PCY,0.041119360365505425,11.0
1GRG,3PCY,0.02050473186119874,12.0
1NHR,3PCY,0.032777620796835265,25.0
1LVL,3PCY,0.025302530253025302,19.0
1TDF,3PCY,0.02735674676524954,21.0
1VDC,3PCY,0.029026548672566373,19.0
1AAJ,7PCY,0.16517857142857142,13.0
1PAZ,7PCY,0.20876826722338204,19.0
1PMY,7PCY,0.17908407382091593,11.0
1JER,7PCY,0.08462974486621033,12.0
1ZIA,7PCY,0.22404371584699453,13.0
7PCY,9PCY,0.5612952968388589,20.0
1PLB,7PCY,0.6261682242990654,10.0
1NIN,7PCY,0.3700374531835206,10.0
1PAL,7PCY,0.045351473922902494,10.0
4CPV,7PCY,0.04682779456193353,18.0
4TNC,7PCY,0.04132231404958678,10.0
5PAL,7PCY,0.04148148148148148,7.0
1OMD,7PCY,0.04896142433234421,7.0
1REC,7PCY,0.03891449052739376,12.0
1CLB,7PCY,0.05871886120996441,9.0
1CTR,7PCY,0.041353383458646614,7.0
2SAS,7PCY,0.03858185610010428,16.0
1PE6,7PCY,0.030927835051546393,7.0
1AEC,7PCY,0.036346691519105315,9.0
1PPO,7PCY,0.04110228865016347,15.0
1YAL,7PCY,0.05377839592025962,25.0
1CSU,7PCY,0.05491329479768786,9.0
1HRC,7PCY,0.04309063893016345,13.0
3C2C,7PCY,0.043699927166788055,10.0
1CCR,7PCY,0.04850213980028531,9.0
1CXC,7PCY,0.04701141705842848,12.0
155C,7PCY,0.04938271604938271,14.0
1CRY,7PCY,0.042584434654919234,18.0
3DFR,7PCY,0.06105990783410138,15.0
7PCY,8DFR,0.03787480273540242,9.0
1DYR,7PCY,0.03262481463173505,13.0
1DLR,7PCY,0.03481012658227848,13.0
1CRB,7PCY,0.035691523263224986,11.0
1HMR,7PCY,0.05117845117845118,9.0
1ICN,7PCY,0.041666666666666664,17.0
1MDC,7PCY,0.0632996632996633,31.0
1ALB,7PCY,0.06460296096904442,8.0
1CBQ,7PCY,0.0365296803652968,8.0
1EAL,7PCY,0.07629427792915532,10.0
1FRD,7PCY,0.04304381245196003,23.0
2PIA,7PCY,0.03415154749199573,17.0
1DOX,7PCY,0.05287713841368585,17.0
1ROE,7PCY,0.04327666151468315,10.0
1DOI,7PCY,0.060407091267235716,9.0
4FXC,7PCY,0.05234795996920708,10.0
3FX2,7PCY,0.038153846153846156,19.0
1FLV,7PCY,0.04056338028169014,14.0
1OFV,7PCY,0.050761421319796954,14.0
2FRC,7PCY,0.04309063893016345,13.0
1FLA,7PCY,0.05772931366260423,16.0
5FD1,7PCY,0.07584269662921349,6.0
1FDN,7PCY,0.05714285714285714,12.0
1FXD,7PCY,0.06451612903225806,7.0
1BLU,7PCY,0.047039740470397405,8.0
1ROF,7PCY,0.05970149253731343,7.0
1CLF,7PCY,0.06130268199233716,7.0
2SPL,7PCY,0.042270531400966184,10.0
3MBA,7PCY,0.07075173720783323,10.0
1ASH,7PCY,0.04026050917702783,17.0
1ECN,7PCY,0.03780964797913951,13.0
1FLP,7PCY,0.044275774826059454,22.0
1GDJ,7PCY,0.04107031736154325,8.0
1HBG,7PCY,0.042579837194740136,19.0
1HSA,7PCY,0.03762662807525326,11.0
1LHS,7PCY,0.04495747266099635,11.0
1MYT,7PCY,0.0606826801517067,13.0
2LHB,7PCY,0.04645323289391086,9.0
1HLM,7PCY,0.02749551703526599,10.0
1HLB,7PCY,0.04257907542579075,10.0
1ENH,7PCY,0.03838383838383838,14.0
1FTZ,7PCY,0.034482758620689655,15.0
1HDP,7PCY,0.03598484848484849,15.0
1OCP,7PCY,0.043875685557586835,14.0
1POU,7PCY,0.05405405405405406,8.0
1FTT,7PCY,0.03832116788321168,12.0
1VND,7PCY,0.03789836347975883,9.0
1CLH,7PCY,0.044647967945048654,14.0
1GRG,7PCY,0.029473684210526315,17.0
1NHR,7PCY,0.04413012729844413,20.0
1LVL,7PCY,0.019273127753303965,20.0
1TDF,7PCY,0.04146612365790448,14.0
1VDC,7PCY,0.029067706487061327,18.0
1AAJ,1PAZ,0.16342933690555927,16.0
1AAJ,1PMY,0.130348913759052,12.0
1AAJ,1JER,0.06253758268190018,13.0
1AAJ,1ZIA,0.18552631578947368,16.0
1AAJ,9PCY,0.180339985218034,17.0
1AAJ,1PLB,0.20597014925373133,11.0
1AAJ,1NIN,0.196980589503954,9.0
1AAJ,1PAL,0.049311094996374184,13.0
1AAJ,4CPV,0.04782608695652174,15.0
1AAJ,4TNC,0.030857142857142857,11.0
1AAJ,5PAL,0.06543385490753911,8.0
1AAJ,1OMD,0.039886039886039885,6.0
1AAJ,1REC,0.03484320557491289,9.0
1AAJ,1CLB,0.04406779661016949,8.0
1AAJ,1CTR,0.048426150121065374,10.0
1AAJ,2SAS,0.034447821681864235,17.0
1AAJ,1PE6,0.028310502283105023,8.0
1AAJ,1AEC,0.04632152588555858,8.0
1AAJ,1PPO,0.028220300409649523,14.0
1AAJ,1YAL,0.030727519204699502,22.0
1AAJ,1CSU,0.04583333333333333,8.0
1AAJ,1HRC,0.05848787446504993,10.0
1AAJ,3C2C,0.06438068579426172,9.0
1AAJ,1CCR,0.06584362139917696,10.0
1AAJ,1CXC,0.07508090614886731,11.0
155C,1AAJ,0.083223249669749,11.0
1AAJ,1CRY,0.047954866008462625,15.0
1AAJ,3DFR,0.041294642857142856,6.0
1AAJ,8DFR,0.052120592743995914,12.0
1AAJ,1DYR,0.03463203463203463,12.0
1AAJ,1DLR,0.05225409836065574,16.0
1AAJ,1CRB,0.03446153846153846,10.0
1AAJ,1HMR,0.04153147306943543,8.0
1AAJ,1ICN,0.03238341968911917,18.0
1AAJ,1MDC,0.045425048669695,32.0
1AAJ,1ALB,0.057068741893644616,9.0
1AAJ,1CBQ,0.04405286343612335,11.0
1AAJ,1EAL,0.05774278215223097,9.0
1AAJ,1FRD,0.03831982313927782,18.0
1AAJ,2PIA,0.025810952214858737,14.0
1AAJ,1DOX,0.04769001490312966,14.0
1AAJ,1ROE,0.04148148148148148,9.0
1AAJ,1DOI,0.05573147561747942,8.0
1AAJ,4FXC,0.047232472324723246,9.0
1AAJ,3FX2,0.0380725758477097,18.0
1AAJ,1FLV,0.030584380120152924,13.0
1AAJ,1OFV,0.028430836522689993,13.0
1AAJ,2FRC,0.05848787446504993,12.0
1AAJ,1FLA,0.03343653250773994,13.0
1AAJ,5FD1,0.03918918918918919,13.0
1AAJ,1FDN,0.06329113924050633,7.0
1AAJ,1FXD,0.06126126126126126,8.0
1AAJ,1BLU,0.04809930178432894,7.0
1AAJ,1ROF,0.047872340425531915,8.0
1AAJ,1CLF,0.07636363636363637,8.0
1AAJ,2SPL,0.038551401869158876,9.0
1AAJ,3MBA,0.040268456375838924,11.0
1AAJ,1ASH,0.032091690544412604,12.0
1AAJ,1ECN,0.05660377358490566,12.0
1AAJ,1FLP,0.037874160048869884,19.0
1AAJ,1GDJ,0.05171377029464823,9.0
1AAJ,1HBG,0.03508771929824561,16.0
1AAJ,1HSA,0.050870147255689425,10.0
1AAJ,1LHS,0.03760282021151586,10.0
1AAJ,1MYT,0.04884004884004884,12.0
1AAJ,2LHB,0.03759854457246816,8.0
1AAJ,1HLM,0.048582995951417005,9.0
1AAJ,1HLB,0.036470588235294116,11.0
1AAJ,1ENH,0.0497131931166348,13.0
1AAJ,1FTZ,0.04317789291882556,14.0
1AAJ,1HDP,0.046762589928057555,14.0
1AAJ,1OCP,0.03826086956521739,15.0
1AAJ,1POU,0.04631217838765009,9.0
1AAJ,1FTT,0.04861111111111111,11.0
1AAJ,1VND,0.06080525883319639,12.0
1AAJ,1CLH,0.03549639489739324,13.0
1AAJ,1GRG,0.026970954356846474,14.0
1AAJ,1NHR,0.025619604566972987,21.0
1AAJ,1LVL,0.0254880694143167,17.0
1AAJ,1TDF,0.02684076895175916,15.0
1AAJ,1VDC,0.035453597497393116,19.0
1PAZ,1PMY,0.4987593052109181,10.0
1JER,1PAZ,0.04555808656036447,13.0
1PAZ,1ZIA,0.7017978921264724,18.0
1PAZ,9PCY,0.1991701244813278,23.0
1PAZ,1PLB,0.19260293091416608,17.0
1NIN,1PAZ,0.1725067385444744,15.0
1PAL,1PAZ,0.043478260869565216,17.0
1PAZ,4CPV,0.042090970807875085,21.0
1PAZ,4TNC,0.03472599023331525,19.0
1PAZ,5PAL,0.050700466977985324,14.0
1OMD,1PAZ,0.04542418169672679,10.0
1PAZ,1REC,0.037107516650808754,11.0
1CLB,1PAZ,0.05498821681068342,12.0
1CTR,1PAZ,0.04469914040114613,16.0
1PAZ,2SAS,0.036768263183357526,17.0
1PAZ,1PE6,0.02803328953131844,12.0
1AEC,1PAZ,0.036601307189542485,10.0
1PAZ,1PPO,0.03668122270742358,16.0
1PAZ,1YAL,0.026886383347788378,20.0
1CSU,1PAZ,0.04827136333985649,8.0
1HRC,1PAZ,0.04414715719063545,8.0
1PAZ,3C2C,0.03810775295663601,9.0
1CCR,1PAZ,0.0425531914893617,8.0
1CXC,1PAZ,0.03907203907203907,13.0
155C,1PAZ,0.06347230864965775,15.0
1CRY,1PAZ,0.04765056254136334,17.0
1PAZ,3DFR,0.03607427055702918,16.0
1PAZ,8DFR,0.041951219512195125,12.0
1DYR,1PAZ,0.029465930018416207,10.0
1DLR,1PAZ,0.040097799511002445,14.0
1CRB,1PAZ,0.03608847497089639,12.0
1HMR,1PAZ,0.046511627906976744,10.0
1ICN,1PAZ,0.0794135613927917,14.0
1MDC,1PAZ,0.05385556915544676,26.0
1ALB,1PAZ,0.044036697247706424,13.0
1CBQ,1PAZ,0.03804994054696789,15.0
1EAL,1PAZ,0.05318491032776747,9.0
1FRD,1PAZ,0.034482758620689655,20.0
1PAZ,2PIA,0.03445945945945946,16.0
1DOX,1PAZ,0.05156794425087108,16.0
1PAZ,1ROE,0.05544005544005544,11.0
1DOI,1PAZ,0.06220095693779904,10.0
1PAZ,4FXC,0.04558011049723757,9.0
1PAZ,3FX2,0.038331454340473504,18.0
1FLV,1PAZ,0.032224532224532226,7.0
1OFV,1PAZ,0.03329864724245578,13.0
1PAZ,2FRC,0.04414715719063545,10.0
1FLA,1PAZ,0.03864168618266979,15.0
1PAZ,5FD1,0.0508582326764145,13.0
1FDN,1PAZ,0.041701417848206836,9.0
1FXD,1PAZ,0.05652535328345802,14.0
1BLU,1PAZ,0.06367583212735166,11.0
1PAZ,1ROF,0.05241605241605242,14.0
1CLF,1PAZ,0.07208717518860017,12.0
1PAZ,2SPL,0.04875346260387812,9.0
1PAZ,3MBA,0.05889145496535797,13.0
1ASH,1PAZ,0.03482045701849837,20.0
1ECN,1PAZ,0.0629827688651218,18.0
1FLP,1PAZ,0.055491329479768786,17.0
1GDJ,1PAZ,0.04441913439635535,13.0
1HBG,1PAZ,0.044673539518900345,22.0
1HSA,1PAZ,0.030952380952380953,10.0
1LHS,1PAZ,0.033426183844011144,10.0
1MYT,1PAZ,0.04852686308492201,12.0
1PAZ,2LHB,0.03788748564867968,8.0
1HLM,1PAZ,0.04061470911086718,9.0
1HLB,1PAZ,0.03904071388733965,11.0
1ENH,1PAZ,0.0684811237928007,13.0
1FTZ,1PAZ,0.0319744204636291,14.0
1HDP,1PAZ,0.03319502074688797,14.0
1OCP,1PAZ,0.05148833467417538,17.0
1PAZ,1POU,0.03494837172359015,13.0
1FTT,1PAZ,0.036947791164658635,11.0
1PAZ,1VND,0.042748091603053436,16.0
1CLH,1PAZ,0.04008438818565401,13.0
1GRG,1PAZ,0.02025829323879463,14.0
1NHR,1PAZ,0.029315960912052116,25.0
1LVL,1PAZ,0.024861147844485586,17.0
1PAZ,1TDF,0.030877192982456142,19.0
1PAZ,1VDC,0.02962962962962963,17.0
1JER,1PMY,0.07519640852974187,5.0
1PMY,1ZIA,0.5369127516778524,10.0
1PMY,9PCY,0.2105978260869565,15.0
1PLB,1PMY,0.16175462645647704,7.0
1NIN,1PMY,0.20397350993377483,9.0
1PAL,1PMY,0.044058744993324434,11.0
1PMY,4CPV,0.05470313542361575,13.0
1PMY,4TNC,0.0299625468164794,11.0
1PMY,5PAL,0.04590163934426229,6.0
1OMD,1PMY,0.036769533814839134,6.0
1PMY,1REC,0.03289473684210526,9.0
1CLB,1PMY,0.05234795996920708,8.0
1CTR,1PMY,0.04743083003952569,8.0
1PMY,2SAS,0.033444816053511704,13.0
1PE6,1PMY,0.026851450844521438,4.0
1AEC,1PMY,0.037914691943127965,6.0
1PMY,1PPO,0.031088082901554404,12.0
1PMY,1YAL,0.03173241852487135,18.0
1CSU,1PMY,0.048749198203976905,4.0
1HRC,1PMY,0.04865220249835635,8.0
1PMY,3C2C,0.03488372093023256,5.0
1CCR,1PMY,0.05707038681039949,6.0
1CXC,1PMY,0.04807692307692308,9.0
155C,1PMY,0.05756276791181874,11.0
1CRY,1PMY,0.05985686402081978,13.0
1PMY,3DFR,0.042909471480900054,12.0
1PMY,8DFR,0.03757225433526012,8.0
1DYR,1PMY,0.04094631483166515,6.0
1DLR,1PMY,0.02993722839208112,10.0
1CRB,1PMY,0.04357798165137615,8.0
1HMR,1PMY,0.03975903614457831,6.0
1ICN,1PMY,0.050511124473842456,10.0
1MDC,1PMY,0.06265060240963856,18.0
1ALB,1PMY,0.040939193257074055,5.0
1CBQ,1PMY,0.03981264637002342,7.0
1EAL,1PMY,0.06695069993913573,5.0
1FRD,1PMY,0.04065040650406504,16.0
1PMY,2PIA,0.03148024112525117,12.0
1DOX,1PMY,0.057494866529774126,12.0
1PMY,1ROE,0.043567052416609936,7.0
1DOI,1PMY,0.04946996466431095,6.0
1PMY,4FXC,0.03934871099050204,5.0
1PMY,3FX2,0.03888888888888889,14.0
1FLV,1PMY,0.06051282051282051,7.0
1OFV,1PMY,0.0513347022587269,9.0
1PMY,2FRC,0.04865220249835635,6.0
1FLA,1PMY,0.04498269896193772,11.0
1PMY,5FD1,0.04252657911194497,7.0
1FDN,1PMY,0.045714285714285714,9.0
1FXD,1PMY,0.04068348250610252,6.0
1BLU,1PMY,0.056818181818181816,7.0
1PMY,1ROF,0.04170008019246191,6.0
1CLF,1PMY,0.06070549630844955,4.0
1PMY,2SPL,0.045876570180229385,5.0
1PMY,3MBA,0.051194539249146756,7.0
1ASH,1PMY,0.03648068669527897,12.0
1ECN,1PMY,0.06904622586307782,10.0
1FLP,1PMY,0.03758542141230068,13.0
1GDJ,1PMY,0.04152637485970819,5.0
1HBG,1PMY,0.04740406320541761,14.0
1HSA,1PMY,0.025404157043879907,6.0
1LHS,1PMY,0.036243822075782535,6.0
1MYT,1PMY,0.05463858850313034,8.0
1PMY,2LHB,0.06108597285067873,4.0
1HLM,1PMY,0.04329004329004329,5.0
1HLB,1PMY,0.034084661902144035,7.0
1ENH,1PMY,0.04291845493562232,9.0
1FTZ,1PMY,0.0485512920908379,10.0
1HDP,1PMY,0.047116165718927704,10.0
1OCP,1PMY,0.0425531914893617,11.0
1PMY,1POU,0.05291828793774319,5.0
1FTT,1PMY,0.042486231313926044,7.0
1PMY,1VND,0.04640718562874251,10.0
1CLH,1PMY,0.03954214360041623,9.0
1GRG,1PMY,0.022138364779874214,10.0
1NHR,1PMY,0.03288409703504043,11.0
1LVL,1PMY,0.032571578670869454,15.0
1PMY,1TDF,0.030598052851182198,13.0
1PMY,1VDC,0.037383177570093455,13.0
1JER,1ZIA,0.05272013460459899,5.0
1JER,9PCY,0.0655940594059406,12.0
1JER,1PLB,0.06487835308796007,10.0
1JER,1NIN,0.05199516324062878,12.0
1JER,1PAL,0.04263093788063337,14.0
1JER,4CPV,0.054777845404747415,18.0
1JER,4TNC,0.03974167908594138,12.0
1JER,5PAL,0.04793289394847214,7.0
1JER,1OMD,0.07078584283143372,7.0
1JER,1REC,0.03697183098591549,12.0
1CLB,1JER,0.040194040194040194,9.0
1CTR,1JER,0.031331592689295036,9.0
1JER,2SAS,0.027715690657130084,12.0
1JER,1PE6,0.034243783122706886,3.0
1AEC,1JER,0.03002028397565923,5.0
1JER,1PPO,0.032520325203252036,11.0
1JER,1YAL,0.035541195476575124,19.0
1CSU,1JER,0.04580152671755725,3.0
1HRC,1JER,0.04084084084084084,7.0
1JER,3C2C,0.030732860520094562,4.0
1CCR,1JER,0.03602556653108658,9.0
1CXC,1JER,0.06305309734513274,10.0
155C,1JER,0.04839617332583005,12.0
1CRY,1JER,0.03569303985722784,12.0
1JER,3DFR,0.05936739659367397,11.0
1JER,8DFR,0.032432432432432434,7.0
1DYR,1JER,0.033304867634500426,5.0
1DLR,1JER,0.03160270880361174,15.0
1CRB,1JER,0.036016949152542374,9.0
1HMR,1JER,0.03547671840354767,7.0
1ICN,1JER,0.04095185390149419,7.0
1JER,1MDC,0.037694013303769404,13.0
1ALB,1JER,0.040997229916897505,6.0
1CBQ,1JER,0.04103671706263499,8.0
1EAL,1JER,0.04476776720761052,4.0
1FRD,1JER,0.05925925925925926,13.0
1JER,2PIA,0.027476038338658148,11.0
1DOX,1JER,0.04361370716510903,11.0
1JER,1ROE,0.05579665220086795,8.0
1DOI,1JER,0.04343105320304017,7.0
1JER,4FXC,0.05686032138442522,4.0
1JER,3FX2,0.03292181069958848,13.0
1FLV,1JER,0.039159503342884434,8.0
1JER,1OFV,0.03154875717017208,8.0
1JER,2FRC,0.04084084084084084,5.0
1FLA,1JER,0.03727369542066028,10.0
1JER,5FD1,0.03557085484796328,6.0
1FDN,1JER,0.03360116873630387,10.0
1FXD,1JER,0.05243991260014567,7.0
1BLU,1JER,0.045103092783505154,8.0
1JER,1ROF,0.04457225017972682,7.0
1CLF,1JER,0.04402054292002935,3.0
1JER,2SPL,0.03240506329113924,4.0
1JER,3MBA,0.048370136698212406,6.0
1ASH,1JER,0.030876494023904383,9.0
1ECN,1JER,0.03345925526173772,9.0
1FLP,1JER,0.034736842105263156,10.0
1GDJ,1JER,0.036344755970924195,6.0
1HBG,1JER,0.026096033402922755,13.0
1HSA,1JER,0.0297029702970297,5.0
1JER,1LHS,0.03155216284987277,5.0
1JER,1MYT,0.03156233561283535,7.0
1JER,2LHB,0.036610878661087864,3.0
1HLM,1JER,0.0321285140562249,4.0
1HLB,1JER,0.034640855832908816,6.0
1ENH,1JER,0.03514132925897632,8.0
1FTZ,1JER,0.0422237860661506,9.0
1HDP,1JER,0.03636363636363636,7.0
1JER,1OCP,0.039631988676574664,10.0
1JER,1POU,0.04478656403079076,4.0
1FTT,1JER,0.03392226148409894,6.0
1JER,1VND,0.032432432432432434,11.0
1CLH,1JER,0.03484995159728945,8.0
1GRG,1JER,0.021364408837096383,9.0
1JER,1NHR,0.019200830306175403,18.0
1JER,1LVL,0.02733485193621868,20.0
1JER,1TDF,0.027152317880794703,14.0
1JER,1VDC,0.021019108280254776,12.0
1ZIA,9PCY,0.23625254582484725,13.0
1PLB,1ZIA,0.2452054794520548,13.0
1NIN,1ZIA,0.2183984116479153,15.0
1PAL,1ZIA,0.04803202134756504,13.0
1ZIA,4CPV,0.06133333333333333,19.0
1ZIA,4TNC,0.0374331550802139,15.0
1ZIA,5PAL,0.053735255570117955,10.0
1OMD,1ZIA,0.03543307086614173,10.0
1REC,1ZIA,0.03475810239549084,15.0
1CLB,1ZIA,0.06,10.0
1CTR,1ZIA,0.033860045146726865,12.0
1ZIA,2SAS,0.03533906399235912,15.0
1PE6,1ZIA,0.04588744588744589,6.0
1AEC,1ZIA,0.031007751937984496,8.0
1PPO,1ZIA,0.05265429434613725,14.0
1YAL,1ZIA,0.03257608229747107,22.0
1CSU,1ZIA,0.047435897435897434,8.0
1HRC,1ZIA,0.04467805519053877,12.0
1ZIA,3C2C,0.045190445448676564,9.0
1CCR,1ZIA,0.053231939163498096,14.0
1CXC,1ZIA,0.044444444444444446,15.0
155C,1ZIA,0.051407588739290085,17.0
1CRY,1ZIA,0.04161248374512354,15.0
1ZIA,3DFR,0.034518828451882845,16.0
1ZIA,8DFR,0.04525758305247954,12.0
1DYR,1ZIA,0.03274215552523874,12.0
1DLR,1ZIA,0.03861003861003861,18.0
1CRB,1ZIA,0.032091690544412604,14.0
1HMR,1ZIA,0.03853100541842264,12.0
1ICN,1ZIA,0.056490384615384616,14.0
1MDC,1ZIA,0.07104154124021674,20.0
1ALB,1ZIA,0.036101083032490974,9.0
1CBQ,1ZIA,0.03393797542422469,13.0
1EAL,1ZIA,0.049878345498783457,7.0
1FRD,1ZIA,0.05687203791469194,16.0
1ZIA,2PIA,0.03080013391362571,16.0
1DOX,1ZIA,0.05198358413132695,14.0
1ROE,1ZIA,0.044897959183673466,13.0
1DOI,1ZIA,0.03649205414949971,12.0
1ZIA,4FXC,0.03661016949152542,9.0
1ZIA,3FX2,0.028872848417545807,18.0
1FLV,1ZIA,0.032803690415171706,13.0
1OFV,1ZIA,0.02668034889687019,11.0
1ZIA,2FRC,0.04467805519053877,12.0
1FLA,1ZIA,0.035734870317002884,11.0
1ZIA,5FD1,0.04125,9.0
1FDN,1ZIA,0.04730831973898858,15.0
1FXD,1ZIA,0.06504065040650407,10.0
1BLU,1ZIA,0.06103619588360539,11.0
1ROF,1ZIA,0.057692307692307696,10.0
1CLF,1ZIA,0.06885245901639345,6.0
1ZIA,2SPL,0.048034934497816595,9.0
1ZIA,3MBA,0.054576463899943146,9.0
1ASH,1ZIA,0.03431635388739947,12.0
1ECN,1ZIA,0.05847953216374269,12.0
1FLP,1ZIA,0.037564029595902104,17.0
1GDJ,1ZIA,0.04823331463825014,11.0
1HBG,1ZIA,0.05527354765933446,14.0
1HSA,1ZIA,0.04844290657439446,10.0
1LHS,1ZIA,0.04500548847420417,10.0
1MYT,1ZIA,0.04323094425483504,12.0
1ZIA,2LHB,0.035048049745618995,8.0
1HLM,1ZIA,0.04434829637641969,9.0
1HLB,1ZIA,0.03296703296703297,9.0
1ENH,1ZIA,0.051457975986277875,13.0
1FTZ,1ZIA,0.03599374021909233,14.0
1HDP,1ZIA,0.03571428571428571,10.0
1OCP,1ZIA,0.04409448818897638,13.0
1POU,1ZIA,0.04510108864696734,7.0
1FTT,1ZIA,0.040880503144654086,11.0
1VND,1ZIA,0.03889304412864622,14.0
1CLH,1ZIA,0.05096203848153926,11.0
1GRG,1ZIA,0.02464788732394366,16.0
1NHR,1ZIA,0.028563729452977634,23.0
1LVL,1ZIA,0.044642857142857144,21.0
1TDF,1ZIA,0.02780674313521029,15.0
1VDC,1ZIA,0.028028028028028028,13.0
1PLB,9PCY,0.7161639597834494,16.0
1NIN,9PCY,0.40922619047619047,20.0
1PAL,9PCY,0.05555555555555555,20.0
4CPV,9PCY,0.05251312828207052,18.0
4TNC,9PCY,0.042278332354668234,18.0
5PAL,9PCY,0.052980132450331126,15.0
1OMD,9PCY,0.04421518054532056,15.0
1REC,9PCY,0.03058103975535168,20.0
1CLB,9PCY,0.06707855251544571,15.0
1CTR,9PCY,0.037383177570093455,15.0
2SAS,9PCY,0.03632589517384536,16.0
1PE6,9PCY,0.03546430237984134,11.0
1AEC,9PCY,0.038051044083526685,13.0
1PPO,9PCY,0.035348837209302326,19.0
1YAL,9PCY,0.030470914127423823,23.0
1CSU,9PCY,0.06173725771715721,13.0
1HRC,9PCY,0.05608856088560885,15.0
3C2C,9PCY,0.056439942112879886,14.0
1CCR,9PCY,0.04819277108433735,19.0
1CXC,9PCY,0.042723631508678236,20.0
155C,9PCY,0.0354464894342195,20.0
1CRY,9PCY,0.05689277899343545,20.0
3DFR,9PCY,0.03896848137535817,17.0
8DFR,9PCY,0.04293193717277487,15.0
1DYR,9PCY,0.027559055118110236,15.0
1DLR,9PCY,0.04094488188976378,19.0
1CRB,9PCY,0.046894803548795945,17.0
1HMR,9PCY,0.04819277108433735,17.0
1ICN,9PCY,0.052104208416833664,17.0
1MDC,9PCY,0.058902275769745646,25.0
1ALB,9PCY,0.0548494983277592,16.0
1CBQ,9PCY,0.042801556420233464,18.0
1EAL,9PCY,0.04874746106973595,14.0
1FRD,9PCY,0.05343511450381679,15.0
2PIA,9PCY,0.03971631205673759,17.0
1DOX,9PCY,0.06640926640926641,19.0
1ROE,9PCY,0.06293169608595549,18.0
1DOI,9PCY,0.03655352480417755,17.0
4FXC,9PCY,0.06574923547400612,14.0
3FX2,9PCY,0.03671970624235006,23.0
1FLV,9PCY,0.03139013452914798,18.0
1OFV,9PCY,0.03479236812570146,16.0
2FRC,9PCY,0.05608856088560885,17.0
1FLA,9PCY,0.05994897959183673,16.0
5FD1,9PCY,0.07536636427076064,16.0
1FDN,9PCY,0.05476864966949953,20.0
1FXD,9PCY,0.06396989651928504,15.0
1BLU,9PCY,0.05314009661835749,16.0
1ROF,9PCY,0.05735430157261795,15.0
1CLF,9PCY,0.045584045584045586,11.0
2SPL,9PCY,0.033633633633633635,14.0
3MBA,9PCY,0.04648241206030151,14.0
1ASH,9PCY,0.03180212014134275,15.0
1ECN,9PCY,0.0440699935191186,15.0
1FLP,9PCY,0.03773584905660377,18.0
1GDJ,9PCY,0.034653465346534656,16.0
1HBG,9PCY,0.0410958904109589,23.0
1HSA,9PCY,0.022857142857142857,15.0
1LHS,9PCY,0.03625377643504532,15.0
1MYT,9PCY,0.04902576995600252,17.0
2LHB,9PCY,0.0449438202247191,13.0
1HLM,9PCY,0.034482758620689655,12.0
1HLB,9PCY,0.030248033877797943,16.0
1ENH,9PCY,0.05005005005005005,14.0
1FTZ,9PCY,0.046804680468046804,15.0
1HDP,9PCY,0.048826291079812206,15.0
1OCP,9PCY,0.05802357207615594,18.0
1POU,9PCY,0.044682752457551385,12.0
1FTT,9PCY,0.05972850678733032,14.0
1VND,9PCY,0.05641025641025641,17.0
1CLH,9PCY,0.05125284738041002,10.0
1GRG,9PCY,0.021527960094512997,19.0
1NHR,9PCY,0.027652370203160272,26.0
1LVL,9PCY,0.02581708321889591,28.0
1TDF,9PCY,0.035424354243542434,16.0
1VDC,9PCY,0.02402826855123675,16.0
1NIN,1PLB,0.3981968444778362,8.0
1PAL,1PLB,0.06520090978013647,12.0
1PLB,4CPV,0.048484848484848485,16.0
1PLB,4TNC,0.0378698224852071,8.0
1PLB,5PAL,0.05052005943536404,5.0
1OMD,1PLB,0.043154761904761904,5.0
1PLB,1REC,0.03694202154951257,10.0
1CLB,1PLB,0.06607142857142857,7.0
1CTR,1PLB,0.04271356783919598,7.0
1PLB,2SAS,0.0438871473354232,16.0
1PE6,1PLB,0.03474178403755868,5.0
1AEC,1PLB,0.031746031746031744,7.0
1PLB,1PPO,0.03837154890032756,13.0
1PLB,1YAL,0.036228518346493266,19.0
1CSU,1PLB,0.057971014492753624,7.0
1HRC,1PLB,0.038748137108792845,11.0
1PLB,3C2C,0.05551497443389335,8.0
1CCR,1PLB,0.05293276108726753,9.0
1CXC,1PLB,0.07272727272727272,10.0
155C,1PLB,0.05089408528198074,12.0
1CRY,1PLB,0.044182621502209134,16.0
1PLB,3DFR,0.03233256351039261,15.0
1PLB,8DFR,0.0316288877174486,11.0
1DYR,1PLB,0.028727092620108963,11.0
1DLR,1PLB,0.042283298097251586,13.0
1CRB,1PLB,0.042172523961661344,9.0
1HMR,1PLB,0.05401755570560432,7.0
1ICN,1PLB,0.05525606469002695,17.0
1MDC,1PLB,0.0661715057393653,29.0
1ALB,1PLB,0.058029689608636977,6.0
1CBQ,1PLB,0.04578155657292348,8.0
1EAL,1PLB,0.04371584699453552,8.0
1FRD,1PLB,0.05088666152659985,21.0
1PLB,2PIA,0.024225151407196294,13.0
1DOX,1PLB,0.06396255850234009,15.0
1PLB,1ROE,0.06046511627906977,8.0
1DOI,1PLB,0.04476629361421988,7.0
1PLB,4FXC,0.06332046332046332,8.0
1PLB,3FX2,0.04441702652683529,17.0
1FLV,1PLB,0.04178430265386787,12.0
1OFV,1PLB,0.03730921424533635,12.0
1PLB,2FRC,0.038748137108792845,11.0
1FLA,1PLB,0.04244372990353698,14.0
1PLB,5FD1,0.07746478873239436,10.0
1FDN,1PLB,0.055449330783938815,10.0
1FXD,1PLB,0.05333333333333334,5.0
1BLU,1PLB,0.05695687550854353,6.0
1PLB,1ROF,0.06367041198501873,5.0
1CLF,1PLB,0.04230769230769231,5.0
1PLB,2SPL,0.031476997578692496,8.0
1PLB,3MBA,0.04053198226725776,8.0
1ASH,1PLB,0.02967359050445104,15.0
1ECN,1PLB,0.043137254901960784,11.0
1FLP,1PLB,0.04438807863031072,20.0
1GDJ,1PLB,0.039925140361821584,6.0
1HBG,1PLB,0.04143126177024482,15.0
1HSA,1PLB,0.02911208151382824,9.0
1LHS,1PLB,0.03288672350791717,9.0
1MYT,1PLB,0.049429657794676805,11.0
1PLB,2LHB,0.03775959723096287,7.0
1HLM,1PLB,0.0347513481126423,8.0
1HLB,1PLB,0.03536585365853658,10.0
1ENH,1PLB,0.05070993914807302,12.0
1FTZ,1PLB,0.04553734061930783,13.0
1HDP,1PLB,0.043726235741444866,13.0
1OCP,1PLB,0.045871559633027525,10.0
1PLB,1POU,0.059674502712477394,6.0
1FTT,1PLB,0.047619047619047616,10.0
1PLB,1VND,0.0449438202247191,9.0
1CLH,1PLB,0.04130808950086059,12.0
1GRG,1PLB,0.020021074815595362,15.0
1NHR,1PLB,0.033984706881903144,16.0
1LVL,1PLB,0.024807056229327454,18.0
1PLB,1TDF,0.027437893956247683,12.0
1PLB,1VDC,0.026979055733049342,16.0
1NIN,1PAL,0.06277372262773723,12.0
1NIN,4CPV,0.07148067104303428,14.0
1NIN,4TNC,0.032165422171166,10.0
1NIN,5PAL,0.04008589835361489,7.0
1NIN,1OMD,0.044444444444444446,5.0
1NIN,1REC,0.035,8.0
1CLB,1NIN,0.05636208368915457,7.0
1CTR,1NIN,0.029214850882531954,7.0
1NIN,2SAS,0.03969465648854962,14.0
1NIN,1PE6,0.026593305823016965,7.0
1AEC,1NIN,0.0337437300501596,7.0
1NIN,1PPO,0.03016453382084095,13.0
1NIN,1YAL,0.03901996370235935,19.0
1CSU,1NIN,0.039133473095737246,7.0
1HRC,1NIN,0.06317300789662599,9.0
1NIN,3C2C,0.04788732394366197,8.0
1CCR,1NIN,0.06901311249137336,9.0
1CXC,1NIN,0.044270833333333336,10.0
155C,1NIN,0.061129568106312294,10.0
1CRY,1NIN,0.05961674946770759,16.0
1NIN,3DFR,0.04262478968031408,15.0
1NIN,8DFR,0.037987679671457907,11.0
1DYR,1NIN,0.035748792270531404,11.0
1DLR,1NIN,0.0391147709727226,13.0
1CRB,1NIN,0.04207920792079208,9.0
1HMR,1NIN,0.04177545691906005,7.0
1ICN,1NIN,0.04560260586319218,15.0
1MDC,1NIN,0.04699738903394256,29.0
1ALB,1NIN,0.03522504892367906,8.0
1CBQ,1NIN,0.043037974683544304,10.0
1EAL,1NIN,0.04884488448844884,8.0
1FRD,1NIN,0.05637982195845697,21.0
1NIN,2PIA,0.025192442267319804,15.0
1DOX,1NIN,0.0555138784696174,13.0
1NIN,1ROE,0.06711409395973154,8.0
1DOI,1NIN,0.05859872611464968,7.0
1NIN,4FXC,0.04309063893016345,8.0
1NIN,3FX2,0.039473684210526314,17.0
1FLV,1NIN,0.036223929747530186,12.0
1NIN,1OFV,0.04065934065934066,12.0
1NIN,2FRC,0.06317300789662599,11.0
1FLA,1NIN,0.0361145703611457,12.0
1NIN,5FD1,0.04486743711760707,12.0
1FDN,1NIN,0.0601640838650866,6.0
1FXD,1NIN,0.05086285195277021,7.0
1BLU,1NIN,0.0546875,6.0
1NIN,1ROF,0.05719392314566577,7.0
1CLF,1NIN,0.051329055912007336,7.0
1NIN,2SPL,0.03405754550792719,8.0
1NIN,3MBA,0.04294478527607362,10.0
1ASH,1NIN,0.03110599078341014,17.0
1ECN,1NIN,0.03795066413662239,11.0
1FLP,1NIN,0.04054054054054054,18.0
1GDJ,1NIN,0.041112454655380895,8.0
1HBG,1NIN,0.045012165450121655,15.0
1HSA,1NIN,0.04065040650406504,9.0
1LHS,1NIN,0.04607206142941524,7.0
1MYT,1NIN,0.04419889502762431,11.0
1NIN,2LHB,0.03780487804878049,7.0
1HLM,1NIN,0.03488372093023256,8.0
1HLB,1NIN,0.046126552335895916,8.0
1ENH,1NIN,0.04628736740597879,12.0
1FTZ,1NIN,0.0557006092254134,13.0
1HDP,1NIN,0.050770625566636446,11.0
1NIN,1OCP,0.03680981595092025,14.0
1NIN,1POU,0.05185825410544512,8.0
1FTT,1NIN,0.0542432195975503,10.0
1NIN,1VND,0.059602649006622516,11.0
1CLH,1NIN,0.042363433667781496,12.0
1GRG,1NIN,0.021835196256823498,15.0
1NHR,1NIN,0.02680067001675042,18.0
1LVL,1NIN,0.018483283500951346,18.0
1NIN,1TDF,0.028384279475982533,14.0
1NIN,1VDC,0.026499302649930265,18.0
1PAL,4CPV,0.7902869757174393,12.0
1PAL,4TNC,0.14806246385193753,12.0
1PAL,5PAL,0.4620938628158845,9.0
1OMD,1PAL,0.4642082429501085,9.0
1PAL,1REC,0.06438631790744467,14.0
1CLB,1PAL,0.17773943054357205,9.0
1CTR,1PAL,0.1912936848559166,11.0
1PAL,2SAS,0.06554019457245264,16.0
1PAL,1PE6,0.027662517289073305,9.0
1AEC,1PAL,0.031178358551123338,11.0
1PAL,1PPO,0.027573529411764705,15.0
1PAL,1YAL,0.028284671532846715,25.0
1CSU,1PAL,0.036645525017618044,11.0
1HRC,1PAL,0.05213613323678494,15.0
1PAL,3C2C,0.045454545454545456,12.0
1CCR,1PAL,0.05010438413361169,9.0
1CXC,1PAL,0.05249343832020997,14.0
155C,1PAL,0.05492297387809779,16.0
1CRY,1PAL,0.0572655690765927,18.0
1PAL,3DFR,0.037267080745341616,15.0
1PAL,8DFR,0.038223140495867766,15.0
1DYR,1PAL,0.03012633624878523,15.0
1DLR,1PAL,0.038322112894873125,13.0
1CRB,1PAL,0.04488778054862843,13.0
1HMR,1PAL,0.05394736842105263,11.0
1ICN,1PAL,0.036769533814839134,21.0
1MDC,1PAL,0.05,29.0
1ALB,1PAL,0.05917159763313609,10.0
1CBQ,1PAL,0.03826530612244898,12.0
1EAL,1PAL,0.06520292747837658,12.0
1FRD,1PAL,0.05389221556886228,25.0
1PAL,2PIA,0.023893183415319746,17.0
1DOX,1PAL,0.06813020439061317,17.0
1PAL,1ROE,0.06772009029345373,12.0
1DOI,1PAL,0.06161745827984596,11.0
1PAL,4FXC,0.06896551724137931,12.0
1PAL,3FX2,0.04096385542168675,21.0
1FLV,1PAL,0.04861878453038674,14.0
1OFV,1PAL,0.03761061946902655,16.0
1PAL,2FRC,0.05213613323678494,15.0
1FLA,1PAL,0.05269761606022585,18.0
1PAL,5FD1,0.05483207676490747,10.0
1FDN,1PAL,0.06267281105990784,14.0
1FXD,1PAL,0.06611570247933884,9.0
1BLU,1PAL,0.052050473186119876,10.0
1PAL,1ROF,0.05420054200542006,9.0
1CLF,1PAL,0.057460611677479144,9.0
1PAL,2SPL,0.04967474866942637,12.0
1PAL,3MBA,0.04697156983930779,12.0
1ASH,1PAL,0.04524361948955916,15.0
1ECN,1PAL,0.05991077119184194,15.0
1FLP,1PAL,0.053217821782178217,24.0
1GDJ,1PAL,0.04263093788063337,10.0
1HBG,1PAL,0.049019607843137254,21.0
1HSA,1PAL,0.07162534435261708,13.0
1LHS,1PAL,0.04283164782867341,13.0
1MYT,1PAL,0.06307977736549165,15.0
1PAL,2LHB,0.06511056511056511,11.0
1HLM,1PAL,0.053864168618266976,12.0
1HLB,1PAL,0.06908874329958309,14.0
1ENH,1PAL,0.0702439024390244,16.0
1FTZ,1PAL,0.06156552330694811,17.0
1HDP,1PAL,0.05866177818515124,13.0
1OCP,1PAL,0.0566873339238264,16.0
1PAL,1POU,0.06637554585152838,10.0
1FTT,1PAL,0.04774535809018567,14.0
1PAL,1VND,0.0451505016722408,11.0
1CLH,1PAL,0.04601571268237935,14.0
1GRG,1PAL,0.023989569752281618,17.0
1NHR,1PAL,0.025210084033613446,22.0
1LVL,1PAL,0.017998363785110445,16.0
1PAL,1TDF,0.03508771929824561,14.0
1PAL,1VDC,0.028011204481792718,18.0
4CPV,4TNC,0.14566473988439307,18.0
4CPV,5PAL,0.47474747474747475,13.0
1OMD,4CPV,0.5245664739884393,13.0
1REC,4CPV,0.06636500754147813,16.0
1CLB,4CPV,0.15689655172413794,13.0
1CTR,4CPV,0.1875,13.0
2SAS,4CPV,0.06141248720573183,20.0
1PE6,4CPV,0.026728110599078342,13.0
1AEC,4CPV,0.03299725022914757,15.0
1PPO,4CPV,0.0266421681212678,21.0
1YAL,4CPV,0.03191974464204286,29.0
1CSU,4CPV,0.03943661971830986,15.0
1HRC,4CPV,0.05065123010130246,17.0
3C2C,4CPV,0.049680624556423,16.0
1CCR,4CPV,0.055632823365785816,15.0
1CXC,4CPV,0.06163934426229508,18.0
155C,4CPV,0.05220883534136546,20.0
1CRY,4CPV,0.06294706723891273,22.0
3DFR,4CPV,0.04288939051918736,19.0
4CPV,8DFR,0.03820340733092411,17.0
1DYR,4CPV,0.03205439533754249,19.0
1DLR,4CPV,0.039337474120082816,19.0
1CRB,4CPV,0.048598130841121495,17.0
1HMR,4CPV,0.05654174884944116,15.0
1ICN,4CPV,0.04330708661417323,25.0
1MDC,4CPV,0.05259697567389875,33.0
1ALB,4CPV,0.05387647831800263,14.0
1CBQ,4CPV,0.04206500956022945,16.0
1EAL,4CPV,0.06382978723404255,16.0
1FRD,4CPV,0.05235602094240838,25.0
2PIA,4CPV,0.02599227256761503,19.0
1DOX,4CPV,0.06959152798789713,21.0
1ROE,4CPV,0.07969924812030076,16.0
1DOI,4CPV,0.04361770365618987,15.0
4CPV,4FXC,0.07191011235955057,16.0
3FX2,4CPV,0.040939193257074055,25.0
1FLV,4CPV,0.047487575924903366,18.0
1OFV,4CPV,0.04311774461028192,18.0
2FRC,4CPV,0.05065123010130246,19.0
1FLA,4CPV,0.05141065830721003,22.0
4CPV,5FD1,0.04246575342465753,18.0
1FDN,4CPV,0.055248618784530384,18.0
1FXD,4CPV,0.060550458715596334,11.0
1BLU,4CPV,0.05200945626477541,14.0
1ROF,4CPV,0.06498194945848375,13.0
1CLF,4CPV,0.04814814814814815,13.0
2SPL,4CPV,0.04728132387706856,16.0
3MBA,4CPV,0.05682520074119827,16.0
1ASH,4CPV,0.042898550724637684,21.0
1ECN,4CPV,0.06369426751592357,19.0
1FLP,4CPV,0.06802721088435375,28.0
1GDJ,4CPV,0.03773584905660377,14.0
1HBG,4CPV,0.03551745254133497,25.0
1HSA,4CPV,0.052269601100412656,17.0
1LHS,4CPV,0.04994054696789536,17.0
1MYT,4CPV,0.04573547589616811,19.0
2LHB,4CPV,0.06507059545733579,15.0
1HLM,4CPV,0.060854300760678756,14.0
1HLB,4CPV,0.05357142857142857,18.0
1ENH,4CPV,0.07407407407407407,20.0
1FTZ,4CPV,0.06502636203866433,19.0
1HDP,4CPV,0.04395604395604396,17.0
1OCP,4CPV,0.04601769911504425,20.0
1POU,4CPV,0.06108202443280977,12.0
1FTT,4CPV,0.05123674911660778,16.0
1VND,4CPV,0.04845446950710108,17.0
1CLH,4CPV,0.03701626472237801,16.0
1GRG,4CPV,0.022940563086548488,23.0
1NHR,4CPV,0.026323158779053488,20.0
1LVL,4CPV,0.018538713195201745,22.0
1TDF,4CPV,0.02703690171720862,16.0
1VDC,4CPV,0.032201610080504026,20.0
4TNC,5PAL,0.19817767653758542,7.0
1OMD,4TNC,0.15279361459521096,7.0
1REC,4TNC,0.12462908011869436,12.0
1CLB,4TNC,0.13986928104575164,9.0
1CTR,4TNC,0.5364635364635365,5.0
2SAS,4TNC,0.06884681583476764,16.0
1PE6,4TNC,0.03543307086614173,7.0
1AEC,4TNC,0.045454545454545456,9.0
1PPO,4TNC,0.038476639183352965,13.0
1YAL,4TNC,0.03745610612563402,25.0
1CSU,4TNC,0.03240223463687151,9.0
1HRC,4TNC,0.05251141552511415,13.0
3C2C,4TNC,0.044969083754918496,10.0
1CCR,4TNC,0.034292035398230086,11.0
1CXC,4TNC,0.04432717678100264,12.0
155C,4TNC,0.05042918454935622,12.0
1CRY,4TNC,0.049773755656108594,12.0
3DFR,4TNC,0.03828197945845005,11.0
4TNC,8DFR,0.03814477676636324,13.0
1DYR,4TNC,0.026348291477974475,13.0
1DLR,4TNC,0.030408340573414423,15.0
1CRB,4TNC,0.051645569620253164,11.0
1HMR,4TNC,0.04019037546271814,9.0
1ICN,4TNC,0.03695881731784583,17.0
1MDC,4TNC,0.04970914859862507,31.0
1ALB,4TNC,0.040169133192389,8.0
1CBQ,4TNC,0.036101083032490974,10.0
1EAL,4TNC,0.04055496264674493,10.0
1FRD,4TNC,0.04686584651435267,23.0
2PIA,4TNC,0.028598072738576313,11.0
1DOX,4TNC,0.0425531914893617,15.0
1ROE,4TNC,0.04352941176470588,10.0
1DOI,4TNC,0.05287713841368585,9.0
4FXC,4TNC,0.0375366568914956,10.0
3FX2,4TNC,0.06302314130969966,19.0
1FLV,4TNC,0.033929390187987164,14.0
1OFV,4TNC,0.03304268012849931,10.0
2FRC,4TNC,0.05251141552511415,13.0
1FLA,4TNC,0.044783715012722644,16.0
4TNC,5FD1,0.041530054644808745,12.0
1FDN,4TNC,0.03296703296703297,12.0
1FXD,4TNC,0.04794520547945205,7.0
1BLU,4TNC,0.04514948139109213,8.0
1ROF,4TNC,0.06901217861975643,7.0
1CLF,4TNC,0.041379310344827586,7.0
2SPL,4TNC,0.05722599418040737,10.0
3MBA,4TNC,0.04122674710910005,10.0
1ASH,4TNC,0.03436754176610979,13.0
1ECN,4TNC,0.04639175257731959,13.0
1FLP,4TNC,0.043281328636134875,22.0
1GDJ,4TNC,0.04769001490312966,8.0
1HBG,4TNC,0.040938592111832255,17.0
1HSA,4TNC,0.03099361896080219,11.0
1LHS,4TNC,0.05458089668615984,11.0
1MYT,4TNC,0.059356136820925554,13.0
2LHB,4TNC,0.04502251125562781,9.0
1HLM,4TNC,0.06445406445406446,10.0
1HLB,4TNC,0.05170731707317073,10.0
1ENH,4TNC,0.05157593123209169,14.0
1FTZ,4TNC,0.04376657824933687,15.0
1HDP,4TNC,0.060191518467852256,15.0
1OCP,4TNC,0.028,12.0
1POU,4TNC,0.03562005277044855,8.0
1FTT,4TNC,0.05059920106524634,12.0
1VND,4TNC,0.037013401403956606,11.0
1CLH,4TNC,0.028797027403622853,14.0
1GRG,4TNC,0.02234902520209225,13.0
1NHR,4TNC,0.030449124587668106,18.0
1LVL,4TNC,0.026250619118375434,18.0
1TDF,4TNC,0.026392018023817188,14.0
1VDC,4TNC,0.041524635884722653,18.0
1OMD,5PAL,0.4765957446808511,2.0
1REC,5PAL,0.08833746898263027,7.0
1CLB,5PAL,0.11298482293423272,4.0
1CTR,5PAL,0.2147165259348613,4.0
2SAS,5PAL,0.06565656565656566,13.0
1PE6,5PAL,0.030965391621129327,2.0
1AEC,5PAL,0.029891304347826088,2.0
1PPO,5PAL,0.026327734906945077,8.0
1YAL,5PAL,0.031545741324921134,20.0
1CSU,5PAL,0.04149377593360996,4.0
1HRC,5PAL,0.046875,8.0
3C2C,5PAL,0.05156794425087108,3.0
1CCR,5PAL,0.04644808743169399,4.0
1CXC,5PAL,0.052869116698903935,5.0
155C,5PAL,0.04736842105263158,7.0
1CRY,5PAL,0.05056179775280899,13.0
3DFR,5PAL,0.04560622914349277,12.0
5PAL,8DFR,0.05196128374936322,8.0
1DYR,5PAL,0.030695443645083934,8.0
1DLR,5PAL,0.03677221654749745,12.0
1CRB,5PAL,0.03923973022685469,6.0
1HMR,5PAL,0.05429864253393665,4.0
1ICN,5PAL,0.04,14.0
1MDC,5PAL,0.06593406593406594,26.0
1ALB,5PAL,0.04909560723514212,3.0
1CBQ,5PAL,0.04012539184952978,3.0
1EAL,5PAL,0.043137254901960784,5.0
1FRD,5PAL,0.07043286867204696,18.0
2PIA,5PAL,0.02854159415245388,12.0
1DOX,5PAL,0.04747774480712166,10.0
1ROE,5PAL,0.061946902654867256,3.0
1DOI,5PAL,0.06687697160883281,2.0
4FXC,5PAL,0.048493754592211606,3.0
3FX2,5PAL,0.05216360403082395,14.0
1FLV,5PAL,0.07403375068045727,9.0
1OFV,5PAL,0.04141689373297003,9.0
2FRC,5PAL,0.046875,8.0
1FLA,5PAL,0.048118445404071564,11.0
5FD1,5PAL,0.05383580080753701,7.0
1FDN,5PAL,0.048561151079136694,7.0
1FXD,5PAL,0.07885304659498207,2.0
1BLU,5PAL,0.05250965250965251,3.0
1ROF,5PAL,0.054673721340388004,2.0
1CLF,5PAL,0.04701627486437613,2.0
2SPL,5PAL,0.06169965075669383,3.0
3MBA,5PAL,0.052279635258358666,3.0
1ASH,5PAL,0.038834951456310676,12.0
1ECN,5PAL,0.045112781954887216,8.0
1FLP,5PAL,0.048691418137553254,17.0
1GDJ,5PAL,0.039544637507489516,3.0
1HBG,5PAL,0.05907172995780591,14.0
1HSA,5PAL,0.04249667994687915,4.0
1LHS,5PAL,0.0468384074941452,4.0
1MYT,5PAL,0.045012165450121655,6.0
2LHB,5PAL,0.06283987915407856,4.0
1HLM,5PAL,0.06340057636887608,5.0
1HLB,5PAL,0.06799531066822978,7.0
1ENH,5PAL,0.06844106463878327,9.0
1FTZ,5PAL,0.04639175257731959,10.0
1HDP,5PAL,0.03756708407871199,10.0
1OCP,5PAL,0.03633217993079585,9.0
1POU,5PAL,0.05631399317406143,3.0
1FTT,5PAL,0.06217616580310881,7.0
1VND,5PAL,0.058871627146361405,6.0
1CLH,5PAL,0.054173576561636266,9.0
1GRG,5PAL,0.021232522009321596,12.0
1NHR,5PAL,0.02057269947178204,15.0
1LVL,5PAL,0.020032485110990796,13.0
1TDF,5PAL,0.029677886355410785,9.0
1VDC,5PAL,0.026361429066944154,15.0
1OMD,1REC,0.08147044212617983,3.0
1CLB,1OMD,0.14527027027027026,2.0
1CTR,1OMD,0.17753623188405798,4.0
1OMD,2SAS,0.06572295247724974,11.0
1OMD,1PE6,0.02643573381950775,2.0
1AEC,1OMD,0.03173164097914778,2.0
1OMD,1PPO,0.029986369831894594,8.0
1OMD,1YAL,0.02886783942264321,16.0
1CSU,1OMD,0.055401662049861494,2.0
1HRC,1OMD,0.04836415362731152,4.0
1OMD,3C2C,0.055826936496859735,3.0
1CCR,1OMD,0.03556771545827633,4.0
1CXC,1OMD,0.04906391220142027,5.0
155C,1OMD,0.05533596837944664,7.0
1CRY,1OMD,0.052039381153305204,11.0
1OMD,3DFR,0.034521158129175944,10.0
1OMD,8DFR,0.04283528811830699,6.0
1DYR,1OMD,0.039366298607777246,6.0
1DLR,1OMD,0.0408997955010225,10.0
1CRB,1OMD,0.05156537753222836,4.0
1HMR,1OMD,0.04789644012944984,2.0
1ICN,1OMD,0.046511627906976744,12.0
1MDC,1OMD,0.041423948220064725,26.0
1ALB,1OMD,0.03880983182406209,3.0
1CBQ,1OMD,0.04645323289391086,5.0
1EAL,1OMD,0.041884816753926704,3.0
1FRD,1OMD,0.05437178545187362,16.0
1OMD,2PIA,0.025774991292232673,10.0
1DOX,1OMD,0.06092124814264487,10.0
1OMD,1ROE,0.06646971935007386,3.0
1DOI,1OMD,0.05180037902716361,2.0
1OMD,4FXC,0.06181015452538632,3.0
1OMD,3FX2,0.05103857566765579,12.0
1FLV,1OMD,0.0555858310626703,7.0
1OFV,1OMD,0.05237315875613748,7.0
1OMD,2FRC,0.04836415362731152,6.0
1FLA,1OMD,0.05682520074119827,9.0
1OMD,5FD1,0.06873315363881402,7.0
1FDN,1OMD,0.04144144144144144,3.0
1FXD,1OMD,0.07001795332136446,2.0
1BLU,1OMD,0.05877803557617943,1.0
1OMD,1ROF,0.07597173144876325,2.0
1CLF,1OMD,0.04891304347826087,2.0
1OMD,2SPL,0.04195804195804196,3.0
1OMD,3MBA,0.05234327449786975,5.0
1ASH,1OMD,0.044596912521440824,12.0
1ECN,1OMD,0.04642409033877039,8.0
1FLP,1OMD,0.054844606946983544,15.0
1GDJ,1OMD,0.04559088182363527,3.0
1HBG,1OMD,0.04103802051901026,14.0
1HSA,1OMD,0.045272969374167776,4.0
1LHS,1OMD,0.04337631887456037,4.0
1MYT,1OMD,0.03532277710109622,6.0
1OMD,2LHB,0.043557168784029036,2.0
1HLM,1OMD,0.04962492787074437,3.0
1HLB,1OMD,0.0528169014084507,5.0
1ENH,1OMD,0.06857142857142857,7.0
1FTZ,1OMD,0.04647160068846816,8.0
1HDP,1OMD,0.04121863799283154,8.0
1OCP,1OMD,0.05199306759098787,9.0
1OMD,1POU,0.06153846153846154,3.0
1FTT,1OMD,0.05363321799307959,5.0
1OMD,1VND,0.05405405405405406,6.0
1CLH,1OMD,0.04537908135030437,7.0
1GRG,1OMD,0.022797927461139896,10.0
1NHR,1OMD,0.022809457579972183,15.0
1LVL,1OMD,0.017876489707475622,15.0
1OMD,1TDF,0.026801883375588555,9.0
1OMD,1VDC,0.02915654286706005,15.0
1CLB,1REC,0.09837898267188373,3.0
1CTR,1REC,0.1468376824413976,9.0
1REC,2SAS,0.051877661633759196,14.0
1PE6,1REC,0.024294390853876385,7.0
1AEC,1REC,0.028459622909996443,5.0
1PPO,1REC,0.03136136849607983,11.0
1REC,1YAL,0.03330970942593905,13.0
1CSU,1REC,0.042947779404587605,5.0
1HRC,1REC,0.03878667329686723,5.0
1REC,3C2C,0.03925417075564279,6.0
1CCR,1REC,0.03967102080309628,7.0
1CXC,1REC,0.03714020427112349,8.0
155C,1REC,0.03391427225624117,10.0
1CRY,1REC,0.036507153428712386,14.0
1REC,3DFR,0.029154518950437316,13.0
1REC,8DFR,0.03897116134060795,9.0
1DYR,1REC,0.02976190476190476,9.0
1DLR,1REC,0.03982819211245607,13.0
1CRB,1REC,0.03133393017009848,7.0
1HMR,1REC,0.03255813953488372,5.0
1ICN,1REC,0.034370645610775664,15.0
1MDC,1REC,0.04093023255813953,31.0
1ALB,1REC,0.0399814039981404,8.0
1CBQ,1REC,0.03275705186533212,10.0
1EAL,1REC,0.030942334739803096,6.0
1FRD,1REC,0.03153611393692777,19.0
1REC,2PIA,0.026467203682393557,13.0
1DOX,1REC,0.032803690415171706,13.0
1REC,1ROE,0.03777437468095967,4.0
1DOI,1REC,0.038391224862888484,5.0
1REC,4FXC,0.028513238289205704,6.0
1REC,3FX2,0.029694323144104803,15.0
1FLV,1REC,0.04590163934426229,10.0
1OFV,1REC,0.044298605414273995,10.0
1REC,2FRC,0.03878667329686723,9.0
1FLA,1REC,0.053057553956834536,12.0
1REC,5FD1,0.03446625179511728,12.0
1FDN,1REC,0.037317784256559766,4.0
1FXD,1REC,0.03606748109365911,7.0
1BLU,1REC,0.04636459430979979,4.0
1REC,1ROF,0.04951065054691998,7.0
1CLF,1REC,0.03978935049736688,7.0
1REC,2SPL,0.03877638948728996,6.0
1REC,3MBA,0.036476868327402136,8.0
1ASH,1REC,0.04672897196261682,17.0
1ECN,1REC,0.042746703046839474,13.0
1FLP,1REC,0.04363312555654497,18.0
1GDJ,1REC,0.03609154929577465,8.0
1HBG,1REC,0.038903625110521665,17.0
1HSA,1REC,0.017699115044247787,5.0
1LHS,1REC,0.03894418000865426,7.0
1MYT,1REC,0.03382287494437027,9.0
1REC,2LHB,0.042515500442869794,5.0
1HLM,1REC,0.03934987168520103,6.0
1HLB,1REC,0.05023819835426591,8.0
1ENH,1REC,0.045921450151057405,8.0
1FTZ,1REC,0.04187889077532541,11.0
1HDP,1REC,0.044160371876815804,11.0
1OCP,1REC,0.03752131893121091,14.0
1POU,1REC,0.04056338028169014,8.0
1FTT,1REC,0.04088586030664395,8.0
1REC,1VND,0.0416210295728368,11.0
1CLH,1REC,0.03399668325041459,10.0
1GRG,1REC,0.019260918253079507,13.0
1NHR,1REC,0.02238095238095238,16.0
1LVL,1REC,0.021410286246218293,18.0
1REC,1TDF,0.0213903743315508,12.0
1REC,1VDC,0.022948938611589215,20.0
1CLB,1CTR,0.1452513966480447,6.0
1CLB,2SAS,0.08437856328392246,11.0
1CLB,1PE6,0.04060913705583756,4.0
1AEC,1CLB,0.033299697275479316,4.0
1CLB,1PPO,0.036418816388467376,10.0
1CLB,1YAL,0.029101856497742096,12.0
1CLB,1CSU,0.05573770491803279,4.0
1CLB,1HRC,0.05245346869712352,6.0
1CLB,3C2C,0.08767576509511993,5.0
1CCR,1CLB,0.045234248788368334,6.0
1CLB,1CXC,0.05433962264150943,7.0
155C,1CLB,0.07109737248840804,9.0
1CLB,1CRY,0.04674457429048414,13.0
1CLB,3DFR,0.039440203562340966,12.0
1CLB,8DFR,0.044905008635578586,8.0
1CLB,1DYR,0.03550295857988166,8.0
1CLB,1DLR,0.04157043879907621,12.0
1CLB,1CRB,0.052669039145907474,6.0
1CLB,1HMR,0.04996214988644966,4.0
1CLB,1ICN,0.045317220543806644,14.0
1CLB,1MDC,0.056018168054504165,28.0
1ALB,1CLB,0.04236006051437216,5.0
1CBQ,1CLB,0.052593133674214754,7.0
1CLB,1EAL,0.049079754601226995,5.0
1CLB,1FRD,0.056288478452066845,18.0
1CLB,2PIA,0.02568945976577257,12.0
1CLB,1DOX,0.05525846702317291,12.0
1CLB,1ROE,0.04247787610619469,3.0
1CLB,1DOI,0.04415011037527594,4.0
1CLB,4FXC,0.04052863436123348,5.0
1CLB,3FX2,0.045174537987679675,14.0
1CLB,1FLV,0.043451272501551834,9.0
1CLB,1OFV,0.04226227470478558,9.0
1CLB,2FRC,0.05245346869712352,8.0
1CLB,1FLA,0.06308243727598567,11.0
1CLB,5FD1,0.04126984126984127,9.0
1CLB,1FDN,0.04288939051918736,5.0
1CLB,1FXD,0.06741573033707865,4.0
1BLU,1CLB,0.05425631431244153,3.0
1CLB,1ROF,0.06607929515418502,4.0
1CLB,1CLF,0.05,4.0
1CLB,2SPL,0.04691689008042895,5.0
1CLB,3MBA,0.057787174066243834,5.0
1ASH,1CLB,0.04459016393442623,14.0
1CLB,1ECN,0.052554744525547446,10.0
1CLB,1FLP,0.04940014114326041,17.0
1CLB,1GDJ,0.058212058212058215,5.0
1CLB,1HBG,0.02930914166085136,14.0
1CLB,1HSA,0.04174573055028463,4.0
1CLB,1LHS,0.05263157894736842,6.0
1CLB,1MYT,0.05218617771509168,8.0
1CLB,2LHB,0.06438068579426172,4.0
1CLB,1HLM,0.053015241882041084,5.0
1CLB,1HLB,0.052702702702702706,7.0
1CLB,1ENH,0.06053268765133172,7.0
1CLB,1FTZ,0.06183368869936034,10.0
1CLB,1HDP,0.04708520179372197,10.0
1CLB,1OCP,0.060215053763440864,11.0
1CLB,1POU,0.05919661733615222,5.0
1CLB,1FTT,0.05793991416309013,7.0
1CLB,1VND,0.06619859578736209,8.0
1CLB,1CLH,0.03790271636133923,7.0
1CLB,1GRG,0.0187018701870187,12.0
1CLB,1NHR,0.02432512607534856,17.0
1CLB,1LVL,0.020184544405997693,15.0
1CLB,1TDF,0.04099329917225069,7.0
1CLB,1VDC,0.030861874294316898,15.0
1CTR,2SAS,0.08086253369272237,13.0
1CTR,1PE6,0.0343980343980344,4.0
1AEC,1CTR,0.034229828850855744,6.0
1CTR,1PPO,0.02939975500204165,12.0
1CTR,1YAL,0.026774847870182555,22.0
1CSU,1CTR,0.04018912529550828,6.0
1CTR,1HRC,0.0471584038694075,10.0
1CTR,3C2C,0.04759071980963712,7.0
1CCR,1CTR,0.03742690058479532,8.0
1CTR,1CXC,0.037840845854201444,9.0
155C,1CTR,0.05436013590033975,11.0
1CRY,1CTR,0.05269461077844311,15.0
1CTR,3DFR,0.0410958904109589,14.0
1CTR,8DFR,0.04345857854232685,10.0
1CTR,1DYR,0.042042042042042045,10.0
1CTR,1DLR,0.041742286751361164,12.0
1CRB,1CTR,0.044752264251465106,8.0
1CTR,1HMR,0.049079754601226995,6.0
1CTR,1ICN,0.044543429844097995,14.0
1CTR,1MDC,0.03569436698271054,28.0
1ALB,1CTR,0.03567447045707915,5.0
1CBQ,1CTR,0.036936447582835416,7.0
1CTR,1EAL,0.0518018018018018,7.0
1CTR,1FRD,0.05469235550031075,20.0
1CTR,2PIA,0.026290477717217056,12.0
1CTR,1DOX,0.03638644918444166,12.0
1CTR,1ROE,0.04868913857677903,7.0
1CTR,1DOI,0.04478427089022392,6.0
1CTR,4FXC,0.03982576228998133,7.0
1CTR,3FX2,0.04966373512674599,16.0
1CTR,1FLV,0.03456553048487758,11.0
1CTR,1OFV,0.030754444978375782,11.0
1CTR,2FRC,0.0471584038694075,10.0
1CTR,1FLA,0.03963577932512052,13.0
1CTR,5FD1,0.04849884526558892,9.0
1CTR,1FDN,0.039764359351988215,9.0
1CTR,1FXD,0.05286343612334802,2.0
1BLU,1CTR,0.04412719013627515,5.0
1CTR,1ROF,0.04492753623188406,4.0
1CLF,1CTR,0.047337278106508875,4.0
1CTR,2SPL,0.062118126272912425,7.0
1CTR,3MBA,0.04230565838180857,7.0
1ASH,1CTR,0.033049574361542315,14.0
1CTR,1ECN,0.038002171552660155,10.0
1CTR,1FLP,0.039174166225516144,19.0
1CTR,1GDJ,0.04177545691906005,5.0
1CTR,1HBG,0.03884514435695538,16.0
1CTR,1HSA,0.024024024024024024,8.0
1CTR,1LHS,0.06960081883316274,8.0
1CTR,1MYT,0.04338624338624339,10.0
1CTR,2LHB,0.052603892688058915,6.0
1CTR,1HLM,0.04644119131751641,7.0
1CTR,1HLB,0.05430327868852459,7.0
1CTR,1ENH,0.05701078582434515,11.0
1CTR,1FTZ,0.04680851063829787,10.0
1CTR,1HDP,0.04838709677419355,12.0
1CTR,1OCP,0.06704707560627675,11.0
1CTR,1POU,0.0380818053596615,3.0
1CTR,1FTT,0.0754985754985755,9.0
1CTR,1VND,0.051735874744724304,8.0
1CLH,1CTR,0.03990267639902676,11.0
1CTR,1GRG,0.02629016553067186,14.0
1CTR,1NHR,0.02498048399687744,13.0
1CTR,1LVL,0.026903553299492386,17.0
1CTR,1TDF,0.03389830508474576,11.0
1CTR,1VDC,0.03707254713966123,17.0
1PE6,2SAS,0.031114327062228653,11.0
1AEC,2SAS,0.03170028818443804,11.0
1PPO,2SAS,0.02742692168892097,11.0
1YAL,2SAS,0.02726946537495515,17.0
1CSU,2SAS,0.0407149950347567,9.0
1HRC,2SAS,0.04757085020242915,9.0
2SAS,3C2C,0.04792810783824263,10.0
1CCR,2SAS,0.0344488188976378,13.0
1CXC,2SAS,0.03303445021236432,14.0
155C,2SAS,0.040229885057471264,10.0
1CRY,2SAS,0.045180722891566265,18.0
2SAS,3DFR,0.029585798816568046,17.0
2SAS,8DFR,0.046621888581588306,13.0
1DYR,2SAS,0.038447041085563516,11.0
1DLR,2SAS,0.03483768804433888,17.0
1CRB,2SAS,0.041837198726693954,13.0
1HMR,2SAS,0.04160756501182033,11.0
1ICN,2SAS,0.0339943342776204,11.0
1MDC,2SAS,0.031205673758865248,21.0
1ALB,2SAS,0.04064272211720227,12.0
1CBQ,2SAS,0.027739251040221916,14.0
1EAL,2SAS,0.03527168732125834,10.0
1FRD,2SAS,0.044536509580528225,19.0
2PIA,2SAS,0.026736413833188026,17.0
1DOX,2SAS,0.03549060542797495,15.0
1ROE,2SAS,0.04677754677754678,12.0
1DOI,2SAS,0.06038086391082211,11.0
2SAS,4FXC,0.03421461897356143,10.0
2SAS,3FX2,0.04434589800443459,19.0
1FLV,2SAS,0.04407484407484408,14.0
1OFV,2SAS,0.03911776945484811,12.0
2FRC,2SAS,0.04757085020242915,11.0
1FLA,2SAS,0.031064412973960714,16.0
2SAS,5FD1,0.0379746835443038,14.0
1FDN,2SAS,0.02976190476190476,12.0
1FXD,2SAS,0.043942992874109264,13.0
1BLU,2SAS,0.04079441760601181,12.0
1ROF,2SAS,0.041128084606345476,13.0
1CLF,2SAS,0.037037037037037035,11.0
2SAS,2SPL,0.03587051618547681,10.0
2SAS,3MBA,0.044283777677361046,14.0
1ASH,2SAS,0.03622250970245795,19.0
1ECN,2SAS,0.026802218114602587,15.0
1FLP,2SAS,0.0407055630936228,14.0
1GDJ,2SAS,0.033080017881090745,12.0
1HBG,2SAS,0.03412662775033678,21.0
1HSA,2SAS,0.01968205904617714,11.0
1LHS,2SAS,0.03954305799648506,11.0
1MYT,2SAS,0.03074141048824593,13.0
2LHB,2SAS,0.030589293747188485,9.0
1HLM,2SAS,0.03560573165436387,8.0
1HLB,2SAS,0.04133685136323659,10.0
1ENH,2SAS,0.043209876543209874,14.0
1FTZ,2SAS,0.04041570438799076,15.0
1HDP,2SAS,0.036773428232502965,15.0
1OCP,2SAS,0.03944315545243619,18.0
1POU,2SAS,0.06896551724137931,12.0
1FTT,2SAS,0.038238702201622246,10.0
1VND,2SAS,0.03908431044109436,15.0
1CLH,2SAS,0.03954564577198149,10.0
1GRG,2SAS,0.02347629796839729,13.0
1NHR,2SAS,0.025450180072028813,24.0
1LVL,2SAS,0.01923979352416706,26.0
1TDF,2SAS,0.023416391474031822,16.0
1VDC,2SAS,0.030136192407997683,20.0
1AEC,1PE6,0.4565508021390374,2.0
1PE6,1PPO,0.6796116504854369,8.0
1PE6,1YAL,0.6007326007326007,18.0
1CSU,1PE6,0.04125560538116592,2.0
1HRC,1PE6,0.03193430656934307,6.0
1PE6,3C2C,0.034249662009914375,3.0
1CCR,1PE6,0.03291814946619217,6.0
1CXC,1PE6,0.04025695931477516,7.0
155C,1PE6,0.03211805555555555,9.0
1CRY,1PE6,0.029891304347826088,11.0
1PE6,3DFR,0.031758326878388844,10.0
1PE6,8DFR,0.04659628685839097,6.0
1DYR,1PE6,0.02997560125479261,6.0
1DLR,1PE6,0.04522246535375638,12.0
1CRB,1PE6,0.02981366459627329,6.0
1HMR,1PE6,0.023166023166023165,4.0
1ICN,1PE6,0.037703513281919454,10.0
1MDC,1PE6,0.026598026598026597,20.0
1ALB,1PE6,0.029159519725557463,3.0
1CBQ,1PE6,0.027742749054224466,5.0
1EAL,1PE6,0.037165082108902334,3.0
1FRD,1PE6,0.05030274802049371,14.0
1PE6,2PIA,0.02679792179382007,10.0
1DOX,1PE6,0.0525328330206379,10.0
1PE6,1ROE,0.04672897196261682,5.0
1DOI,1PE6,0.048121570282819756,4.0
1PE6,4FXC,0.04755244755244755,3.0
1PE6,3FX2,0.02509105625252934,12.0
1FLV,1PE6,0.03510110644792064,7.0
1OFV,1PE6,0.028255059182894234,7.0
1PE6,2FRC,0.03193430656934307,6.0
1FLA,1PE6,0.042411642411642414,9.0
1PE6,5FD1,0.03259911894273128,5.0
1FDN,1PE6,0.04219409282700422,7.0
1FXD,1PE6,0.03894736842105263,2.0
1BLU,1PE6,0.03270803270803271,3.0
1PE6,1ROF,0.03336809176225235,2.0
1CLF,1PE6,0.04973544973544974,0.0
1PE6,2SPL,0.029576338928856916,3.0
1PE6,3MBA,0.027171675586661177,3.0
1ASH,1PE6,0.0378698224852071,8.0
1ECN,1PE6,0.040336134453781515,6.0
1FLP,1PE6,0.043675319324268644,13.0
1GDJ,1PE6,0.029351814105177332,3.0
1HBG,1PE6,0.04257060990585346,12.0
1HSA,1PE6,0.01951854261548471,4.0
1LHS,1PE6,0.02247191011235955,4.0
1MYT,1PE6,0.026359143327841845,6.0
1PE6,2LHB,0.02870028700287003,2.0
1HLM,1PE6,0.028582770940849545,3.0
1HLB,1PE6,0.02891566265060241,5.0
1ENH,1PE6,0.02832244008714597,7.0
1FTZ,1PE6,0.028747433264887063,8.0
1HDP,1PE6,0.031545741324921134,6.0
1OCP,1PE6,0.03917525773195876,7.0
1PE6,1POU,0.03067484662576687,1.0
1FTT,1PE6,0.035015447991761074,5.0
1PE6,1VND,0.03388141504733433,6.0
1CLH,1PE6,0.0323949093713845,7.0
1GRG,1PE6,0.021093413689195005,10.0
1NHR,1PE6,0.021912805295594612,15.0
1LVL,1PE6,0.021438142027690933,15.0
1PE6,1TDF,0.0389061178460671,9.0
1PE6,1VDC,0.029451868011998908,11.0
1AEC,1PPO,0.49349783261087027,6.0
1AEC,1YAL,0.5167495854063018,16.0
1AEC,1CSU,0.031222123104371096,2.0
1AEC,1HRC,0.04809437386569873,4.0
1AEC,3C2C,0.0340654415060511,1.0
1AEC,1CCR,0.03274336283185841,4.0
1AEC,1CXC,0.05198125266297401,5.0
155C,1AEC,0.03281519861830743,7.0
1AEC,1CRY,0.04054054054054054,11.0
1AEC,3DFR,0.026985350809560524,10.0
1AEC,8DFR,0.025371511417180137,6.0
1AEC,1DYR,0.02846233946546338,6.0
1AEC,1DLR,0.023238925199709513,12.0
1AEC,1CRB,0.03873094355170993,6.0
1AEC,1HMR,0.029022620571916347,4.0
1AEC,1ICN,0.03154305200341006,10.0
1AEC,1MDC,0.04524114383269313,22.0
1AEC,1ALB,0.027303754266211604,5.0
1AEC,1CBQ,0.028439983270598077,5.0
1AEC,1EAL,0.029234737747205503,3.0
1AEC,1FRD,0.042612320518758684,14.0
1AEC,2PIA,0.025620059961842464,10.0
1AEC,1DOX,0.0457089552238806,8.0
1AEC,1ROE,0.03531598513011153,3.0
1AEC,1DOI,0.04115917681646367,2.0
1AEC,4FXC,0.039870190078813164,1.0
1AEC,3FX2,0.03624647603705195,12.0
1AEC,1FLV,0.03266236232434486,7.0
1AEC,1OFV,0.03800836183960471,7.0
1AEC,2FRC,0.04809437386569873,6.0
1AEC,1FLA,0.037236243276789406,9.0
1AEC,5FD1,0.04294478527607362,7.0
1AEC,1FDN,0.04821802935010482,5.0
1AEC,1FXD,0.03138075313807531,4.0
1AEC,1BLU,0.04591104734576758,3.0
1AEC,1ROF,0.03316062176165803,4.0
1AEC,1CLF,0.056782334384858045,2.0
1AEC,2SPL,0.026252983293556086,1.0
1AEC,3MBA,0.031134780827529702,3.0
1AEC,1ASH,0.03297997644287397,10.0
1AEC,1ECN,0.033444816053511704,8.0
1AEC,1FLP,0.05330053300533005,13.0
1AEC,1GDJ,0.02920892494929006,5.0
1AEC,1HBG,0.03177189409368635,14.0
1AEC,1HSA,0.023240800516462233,2.0
1AEC,1LHS,0.027156549520766772,2.0
1AEC,1MYT,0.03934426229508197,4.0
1AEC,2LHB,0.031007751937984496,2.0
1AEC,1HLM,0.03081785855393125,3.0
1AEC,1HLB,0.025579536370903277,5.0
1AEC,1ENH,0.025974025974025976,7.0
1AEC,1FTZ,0.02857142857142857,8.0
1AEC,1HDP,0.03343782654127482,6.0
1AEC,1OCP,0.030737704918032786,9.0
1AEC,1POU,0.031504065040650404,3.0
1AEC,1FTT,0.030706243602865915,5.0
1AEC,1VND,0.03566121842496285,8.0
1AEC,1CLH,0.0345489443378119,7.0
1AEC,1GRG,0.017604121940747102,10.0
1AEC,1NHR,0.01821078989301161,17.0
1AEC,1LVL,0.024498886414253896,15.0
1AEC,1TDF,0.031469513908401234,11.0
1AEC,1VDC,0.034792063060614296,13.0
1PPO,1YAL,0.695016611295681,16.0
1CSU,1PPO,0.03755029056772463,8.0
1HRC,1PPO,0.04456571168713051,10.0
1PPO,3C2C,0.044923629829290206,7.0
1CCR,1PPO,0.02926829268292683,10.0
1CXC,1PPO,0.04611443210930828,11.0
155C,1PPO,0.03288619645175249,9.0
1CRY,1PPO,0.04424379232505643,15.0
1PPO,3DFR,0.024719969100038625,14.0
1PPO,8DFR,0.025417574437182282,12.0
1DYR,1PPO,0.027816411682892908,12.0
1DLR,1PPO,0.022553655874863587,18.0
1CRB,1PPO,0.03963666391412056,12.0
1HMR,1PPO,0.030795551753635585,10.0
1ICN,1PPO,0.029047415634344296,16.0
1MDC,1PPO,0.032506415739948676,22.0
1ALB,1PPO,0.03163745190252244,11.0
1CBQ,1PPO,0.03101424979044426,9.0
1EAL,1PPO,0.037914691943127965,9.0
1FRD,1PPO,0.0584958217270195,20.0
1PPO,2PIA,0.026746724890829694,14.0
1DOX,1PPO,0.04488078541374474,8.0
1PPO,1ROE,0.04191895668374476,9.0
1DOI,1PPO,0.04377104377104377,8.0
1PPO,4FXC,0.05018587360594796,7.0
1PPO,3FX2,0.03228410008071025,14.0
1FLV,1PPO,0.02663622526636225,13.0
1OFV,1PPO,0.030464584920030464,11.0
1PPO,2FRC,0.04456571168713051,12.0
1FLA,1PPO,0.03233830845771144,15.0
1PPO,5FD1,0.032498902064119456,13.0
1FDN,1PPO,0.04308985811875985,11.0
1FXD,1PPO,0.04195070791819612,10.0
1BLU,1PPO,0.030680728667305847,9.0
1PPO,1ROF,0.03324675324675325,10.0
1CLF,1PPO,0.06747496046389036,8.0
1PPO,2SPL,0.0502192108409725,7.0
1PPO,3MBA,0.024630541871921183,9.0
1ASH,1PPO,0.02832415420928403,16.0
1ECN,1PPO,0.03016338500209468,12.0
1FLP,1PPO,0.03944124897288414,19.0
1GDJ,1PPO,0.02926829268292683,11.0
1HBG,1PPO,0.060408163265306125,20.0
1HSA,1PPO,0.01683937823834197,8.0
1LHS,1PPO,0.035214085634253704,8.0
1MYT,1PPO,0.028747433264887063,10.0
1PPO,2LHB,0.03515944399018806,8.0
1HLM,1PPO,0.027711797307996833,9.0
1HLB,1PPO,0.024028834601521828,11.0
1ENH,1PPO,0.031470428648941944,13.0
1FTZ,1PPO,0.024552429667519183,14.0
1HDP,1PPO,0.029334730225248823,10.0
1OCP,1PPO,0.035952747817154594,15.0
1POU,1PPO,0.031584309730005096,9.0
1FTT,1PPO,0.04002052334530529,11.0
1PPO,1VND,0.03277060575968222,10.0
1CLH,1PPO,0.027692307692307693,11.0
1GRG,1PPO,0.017193208682570384,14.0
1NHR,1PPO,0.020966271649954422,23.0
1LVL,1PPO,0.026755852842809364,21.0
1PPO,1TDF,0.023635340461451885,17.0
1PPO,1VDC,0.02885138813282526,19.0
1CSU,1YAL,0.03905903240124279,14.0
1HRC,1YAL,0.040632054176072234,14.0
1YAL,3C2C,0.036574487065120426,15.0
1CCR,1YAL,0.03346543372963452,18.0
1CXC,1YAL,0.05258693808312129,19.0
155C,1YAL,0.0335195530726257,19.0
1CRY,1YAL,0.039444195428059166,23.0
1YAL,3DFR,0.028406909788867563,22.0
1YAL,8DFR,0.02454873646209386,18.0
1DYR,1YAL,0.03803596127247579,16.0
1DLR,1YAL,0.026039783001808318,22.0
1CRB,1YAL,0.03773584905660377,16.0
1HMR,1YAL,0.02888700084961767,16.0
1ICN,1YAL,0.03563852354688163,20.0
1MDC,1YAL,0.03653355989804588,30.0
1ALB,1YAL,0.02802547770700637,19.0
1CBQ,1YAL,0.029142381348875937,19.0
1EAL,1YAL,0.03080872913992298,15.0
1FRD,1YAL,0.04884792626728111,24.0
1YAL,2PIA,0.029347826086956522,18.0
1DOX,1YAL,0.04825986078886311,22.0
1ROE,1YAL,0.03975959315765141,13.0
1DOI,1YAL,0.04013377926421405,16.0
1YAL,4FXC,0.048892988929889296,15.0
1YAL,3FX2,0.030473135525260625,20.0
1FLV,1YAL,0.03555219364599092,19.0
1OFV,1YAL,0.029523088569265707,19.0
1YAL,2FRC,0.040632054176072234,16.0
1FLA,1YAL,0.04036243822075782,19.0
1YAL,5FD1,0.04099433057130397,21.0
1FDN,1YAL,0.041688379364252216,15.0
1FXD,1YAL,0.036401456058242326,20.0
1BLU,1YAL,0.04376784015223597,17.0
1ROF,1YAL,0.03297269448737764,20.0
1CLF,1YAL,0.05541035023523262,18.0
1YAL,2SPL,0.024554455445544555,15.0
1YAL,3MBA,0.02773246329526917,17.0
1ASH,1YAL,0.028146989835809225,26.0
1ECN,1YAL,0.023304203079483977,24.0
1FLP,1YAL,0.036734693877551024,23.0
1GDJ,1YAL,0.03877221324717286,19.0
1HBG,1YAL,0.039740470397404706,24.0
1HSA,1YAL,0.020512820512820513,12.0
1LHS,1YAL,0.020675944333996023,16.0
1MYT,1YAL,0.03590371277029784,18.0
1YAL,2LHB,0.030056864337936636,14.0
1HLM,1YAL,0.02832415420928403,15.0
1HLB,1YAL,0.024671707122960605,17.0
1ENH,1YAL,0.029047875201721356,15.0
1FTZ,1YAL,0.0334855403348554,20.0
1HDP,1YAL,0.02909090909090909,18.0
1OCP,1YAL,0.026490066225165563,25.0
1POU,1YAL,0.03335017685699848,19.0
1FTT,1YAL,0.037659033078880404,17.0
1VND,1YAL,0.03251231527093596,22.0
1CLH,1YAL,0.04204892966360856,13.0
1GRG,1YAL,0.021846219747269222,20.0
1NHR,1YAL,0.01952770208900999,29.0
1LVL,1YAL,0.021328593645856476,29.0
1TDF,1YAL,0.03081232492997199,21.0
1VDC,1YAL,0.023848238482384824,27.0
1CSU,1HRC,0.6588072122052705,2.0
1CSU,3C2C,0.30224642614023145,1.0
1CCR,1CSU,0.5927903871829105,4.0
1CSU,1CXC,0.2056782334384858,5.0
155C,1CSU,0.24324324324324326,7.0
1CRY,1CSU,0.4718792866941015,9.0
1CSU,3DFR,0.03384279475982533,8.0
1CSU,8DFR,0.028042063094641963,4.0
1CSU,1DYR,0.028315243039169418,2.0
1CSU,1DLR,0.03112449799196787,10.0
1CRB,1CSU,0.03843843843843844,4.0
1CSU,1HMR,0.044275774826059454,2.0
1CSU,1ICN,0.039141414141414144,6.0
1CSU,1MDC,0.043010752688172046,16.0
1ALB,1CSU,0.03666245259165613,3.0
1CBQ,1CSU,0.03560466543891958,5.0
1CSU,1EAL,0.03580562659846547,1.0
1CSU,1FRD,0.04151753758052971,12.0
1CSU,2PIA,0.03439972480220158,8.0
1CSU,1DOX,0.03183791606367583,8.0
1CSU,1ROE,0.03741007194244604,3.0
1CSU,1DOI,0.035824583075972825,2.0
1CSU,4FXC,0.035842293906810034,1.0
1CSU,3FX2,0.04067402672864614,10.0
1CSU,1FLV,0.060929983965793695,5.0
1CSU,1OFV,0.05350454788657036,5.0
1CSU,2FRC,0.6588072122052705,2.0
1CSU,1FLA,0.04108761329305136,7.0
1CSU,5FD1,0.04342105263157895,5.0
1CSU,1FDN,0.06108202443280977,3.0
1CSU,1FXD,0.057391304347826085,4.0
1BLU,1CSU,0.06170052671181339,3.0
1CSU,1ROF,0.059931506849315065,4.0
1CLF,1CSU,0.05964912280701754,2.0
1CSU,2SPL,0.03767123287671233,1.0
1CSU,3MBA,0.03335318642048839,5.0
1ASH,1CSU,0.035854341736694675,10.0
1CSU,1ECN,0.04539877300613497,8.0
1CSU,1FLP,0.03577817531305903,9.0
1CSU,1GDJ,0.042278332354668234,3.0
1CSU,1HBG,0.0448907265209687,12.0
1CSU,1HSA,0.035578144853875476,2.0
1CSU,1LHS,0.03444316877152698,2.0
1CSU,1MYT,0.03933253873659118,4.0
1CSU,2LHB,0.035523978685612786,0.0
1CSU,1HLM,0.035048049745618995,1.0
1CSU,1HLB,0.04597701149425287,3.0
1CSU,1ENH,0.053406998158379376,5.0
1CSU,1FTZ,0.04674457429048414,6.0
1CSU,1HDP,0.04513888888888889,6.0
1CSU,1OCP,0.058823529411764705,9.0
1CSU,1POU,0.05140961857379768,3.0
1CSU,1FTT,0.04865771812080537,3.0
1CSU,1VND,0.04455051710421639,8.0
1CLH,1CSU,0.03798155181768855,5.0
1CSU,1GRG,0.028747433264887063,6.0
1CSU,1NHR,0.02258331038281465,15.0
1CSU,1LVL,0.018776824034334765,17.0
1CSU,1TDF,0.025026814444047193,11.0
1CSU,1VDC,0.0329105245114844,13.0
1HRC,3C2C,0.33962264150943394,3.0
1CCR,1HRC,0.6452054794520548,6.0
1CXC,1HRC,0.2572721396250808,7.0
155C,1HRC,0.29155672823219,9.0
1CRY,1HRC,0.5450704225352113,11.0
1HRC,3DFR,0.04124860646599777,10.0
1HRC,8DFR,0.03573251659009699,6.0
1DYR,1HRC,0.0422873618452667,4.0
1DLR,1HRC,0.04605936540429888,10.0
1CRB,1HRC,0.0430239704978488,6.0
1HMR,1HRC,0.037589112119248216,4.0
1HRC,1ICN,0.050452781371280724,8.0
1HRC,1MDC,0.03888528839922229,20.0
1ALB,1HRC,0.04404145077720207,7.0
1CBQ,1HRC,0.03896920175989944,9.0
1EAL,1HRC,0.04980340760157274,3.0
1FRD,1HRC,0.05003679175864607,14.0
1HRC,2PIA,0.025792959219240155,10.0
1DOX,1HRC,0.03869047619047619,10.0
1HRC,1ROE,0.04585798816568047,5.0
1DOI,1HRC,0.04174573055028463,4.0
1HRC,4FXC,0.04126750184229919,3.0
1HRC,3FX2,0.035650623885918005,12.0
1FLV,1HRC,0.03600654664484452,7.0
1HRC,1OFV,0.040415073730202075,5.0
1HRC,2FRC,1.0,4.0
1FLA,1HRC,0.042053184910327765,9.0
1HRC,5FD1,0.04048582995951417,9.0
1FDN,1HRC,0.05415162454873646,3.0
1FXD,1HRC,0.04316546762589928,8.0
1BLU,1HRC,0.05731990704879938,5.0
1HRC,1ROF,0.047787610619469026,8.0
1CLF,1HRC,0.06896551724137931,6.0
1HRC,2SPL,0.042007001166861145,3.0
1HRC,3MBA,0.04143814747105423,9.0
1ASH,1HRC,0.038923869490555235,14.0
1ECN,1HRC,0.059045226130653265,12.0
1FLP,1HRC,0.037827943868212324,11.0
1GDJ,1HRC,0.03963963963963964,7.0
1HBG,1HRC,0.047129909365558914,16.0
1HRC,1HSA,0.0267022696929239,4.0
1HRC,1LHS,0.036384976525821594,4.0
1HRC,1MYT,0.042682926829268296,6.0
1HRC,2LHB,0.04966686856450636,2.0
1HLM,1HRC,0.040439052570768345,1.0
1HLB,1HRC,0.038777908343125736,5.0
1ENH,1HRC,0.05725190839694656,7.0
1FTZ,1HRC,0.04482758620689655,8.0
1HDP,1HRC,0.05206463195691203,8.0
1HRC,1OCP,0.06770833333333333,13.0
1HRC,1POU,0.04794520547945205,7.0
1FTT,1HRC,0.04852686308492201,3.0
1HRC,1VND,0.05086136177194422,12.0
1CLH,1HRC,0.03434903047091413,7.0
1GRG,1HRC,0.025401762571280455,8.0
1HRC,1NHR,0.027275257445032005,19.0
1HRC,1LVL,0.020596205962059622,21.0
1HRC,1TDF,0.026096411743385284,13.0
1HRC,1VDC,0.0305661688086141,17.0
1CCR,3C2C,0.2864828513786147,3.0
1CXC,3C2C,0.38881829733163914,4.0
155C,3C2C,0.3694102397926118,6.0
1CRY,3C2C,0.3427781617138908,10.0
3C2C,3DFR,0.03185063152114223,9.0
3C2C,8DFR,0.03625377643504532,5.0
1DYR,3C2C,0.04364326375711575,3.0
1DLR,3C2C,0.03230691569914185,11.0
1CRB,3C2C,0.04836759371221282,5.0
1HMR,3C2C,0.07388535031847134,3.0
1ICN,3C2C,0.04195804195804196,7.0
1MDC,3C2C,0.048407643312101914,17.0
1ALB,3C2C,0.05983450031826862,4.0
1CBQ,3C2C,0.0519159456118665,4.0
1EAL,3C2C,0.0463618802318094,2.0
1FRD,3C2C,0.03896103896103896,13.0
2PIA,3C2C,0.026243093922651933,9.0
1DOX,3C2C,0.04230488694383661,7.0
1ROE,3C2C,0.05366207396664249,2.0
1DOI,3C2C,0.07213930348258707,1.0
3C2C,4FXC,0.044797687861271675,0.0
3C2C,3FX2,0.0456140350877193,11.0
1FLV,3C2C,0.04408602150537634,6.0
1OFV,3C2C,0.03336921420882669,6.0
2FRC,3C2C,0.33962264150943394,3.0
1FLA,3C2C,0.04257907542579075,8.0
3C2C,5FD1,0.04903909874088801,6.0
1FDN,3C2C,0.05991189427312775,4.0
1FXD,3C2C,0.0684811237928007,5.0
1BLU,3C2C,0.05007587253414264,4.0
1ROF,3C2C,0.05358686257562662,5.0
1CLF,3C2C,0.06731620903454384,3.0
2SPL,3C2C,0.04595060310166571,0.0
3C2C,3MBA,0.03836930455635491,4.0
1ASH,3C2C,0.0496054114994363,11.0
1ECN,3C2C,0.044471896232242125,9.0
1FLP,3C2C,0.07202881152460984,10.0
1GDJ,3C2C,0.05319148936170213,4.0
1HBG,3C2C,0.04994054696789536,13.0
1HSA,3C2C,0.03865979381443299,1.0
1LHS,3C2C,0.0439052570768342,1.0
1MYT,3C2C,0.04319136172765447,3.0
2LHB,3C2C,0.03694874851013111,1.0
1HLM,3C2C,0.03981797497155859,2.0
1HLB,3C2C,0.04395604395604396,4.0
1ENH,3C2C,0.06697674418604652,6.0
1FTZ,3C2C,0.04380791912384162,7.0
1HDP,3C2C,0.05258545135845749,7.0
1OCP,3C2C,0.04580152671755725,10.0
1POU,3C2C,0.0502092050209205,4.0
1FTT,3C2C,0.04741744284504657,4.0
1VND,3C2C,0.04975922953451043,9.0
1CLH,3C2C,0.036026200873362446,6.0
1GRG,3C2C,0.025225225225225224,7.0
1NHR,3C2C,0.023204419889502764,16.0
1LVL,3C2C,0.020446596717783157,16.0
1TDF,3C2C,0.02656137832017229,12.0
1VDC,3C2C,0.02339986235375086,14.0
1CCR,1CXC,0.2133499688084841,5.0
155C,1CCR,0.23282442748091603,7.0
1CCR,1CRY,0.47831978319783197,13.0
1CCR,3DFR,0.04108108108108108,10.0
1CCR,8DFR,0.034739454094292806,8.0
1CCR,1DYR,0.03462798315395414,6.0
1CCR,1DLR,0.031840796019900496,8.0
1CCR,1CRB,0.0368389780154486,6.0
1CCR,1HMR,0.0375234521575985,4.0
1CCR,1ICN,0.05368289637952559,12.0
1CCR,1MDC,0.0375234521575985,24.0
1ALB,1CCR,0.04,5.0
1CBQ,1CCR,0.03400121432908318,5.0
1CCR,1EAL,0.045512010113780026,5.0
1CCR,1FRD,0.03816254416961131,18.0
1CCR,2PIA,0.0211965811965812,12.0
1CCR,1DOX,0.04,10.0
1CCR,1ROE,0.036931818181818184,3.0
1CCR,1DOI,0.04031765424557117,2.0
1CCR,4FXC,0.039631988676574664,3.0
1CCR,3FX2,0.03795284646348476,14.0
1CCR,1FLV,0.039174166225516144,7.0
1CCR,1OFV,0.040275569687334395,9.0
1CCR,2FRC,0.6452054794520548,6.0
1CCR,1FLA,0.03825463239689181,11.0
1CCR,5FD1,0.044213263979193757,7.0
1CCR,1FDN,0.05154639175257732,5.0
1CCR,1FXD,0.0410958904109589,6.0
1BLU,1CCR,0.05939123979213066,5.0
1CCR,1ROF,0.047217537942664416,6.0
1CCR,1CLF,0.07426597582037997,6.0
1CCR,2SPL,0.03502824858757062,3.0
1CCR,3MBA,0.049499116087212726,7.0
1ASH,1CCR,0.044370493621741544,16.0
1CCR,1ECN,0.04975728155339806,12.0
1CCR,1FLP,0.04247787610619469,15.0
1CCR,1GDJ,0.05229517722254503,5.0
1CCR,1HBG,0.052600818234950324,16.0
1CCR,1HSA,0.02981366459627329,4.0
1CCR,1LHS,0.038636363636363635,4.0
1CCR,1MYT,0.03773584905660377,6.0
1CCR,2LHB,0.0421792618629174,4.0
1CCR,1HLM,0.032456631225517625,5.0
1CCR,1HLB,0.03981797497155859,7.0
1CCR,1ENH,0.04710144927536232,9.0
1CCR,1FTZ,0.04276315789473684,10.0
1CCR,1HDP,0.042735042735042736,12.0
1CCR,1OCP,0.046357615894039736,13.0
1CCR,1POU,0.04411764705882353,7.0
1CCR,1FTT,0.047933884297520664,7.0
1CCR,1VND,0.05019607843137255,10.0
1CCR,1CLH,0.04406233207952714,9.0
1CCR,1GRG,0.01992846193152785,10.0
1CCR,1NHR,0.024116196218141955,17.0
1CCR,1LVL,0.017084890549919914,13.0
1CCR,1TDF,0.02344582593250444,13.0
1CCR,1VDC,0.025894378194207836,17.0
155C,1CXC,0.41229656419529837,8.0
1CRY,1CXC,0.2328854766474728,14.0
1CXC,3DFR,0.042333505420753745,13.0
1CXC,8DFR,0.035204567078972404,9.0
1CXC,1DYR,0.0341726618705036,7.0
1CXC,1DLR,0.03528850739151168,13.0
1CRB,1CXC,0.0384180790960452,7.0
1CXC,1HMR,0.05219454329774614,5.0
1CXC,1ICN,0.04026050917702783,13.0
1CXC,1MDC,0.05693950177935943,25.0
1ALB,1CXC,0.03793716656787196,6.0
1CBQ,1CXC,0.04498269896193772,6.0
1CXC,1EAL,0.06351108448172559,6.0
1CXC,1FRD,0.037283621837549935,19.0
1CXC,2PIA,0.028552456839309428,13.0
1CXC,1DOX,0.04169468728984533,11.0
1CXC,1ROE,0.04147157190635452,4.0
1CXC,1DOI,0.04640371229698376,3.0
1CXC,4FXC,0.044,4.0
1CXC,3FX2,0.050383351588170866,15.0
1CXC,1FLV,0.04251012145748988,10.0
1CXC,1OFV,0.03546099290780142,8.0
1CXC,2FRC,0.2572721396250808,5.0
1CXC,1FLA,0.04318181818181818,12.0
1CXC,5FD1,0.036923076923076927,10.0
1CXC,1FDN,0.04636290967226219,6.0
1CXC,1FXD,0.05258964143426295,7.0
1BLU,1CXC,0.044630404463040445,4.0
1CXC,1ROF,0.04870384917517675,7.0
1CLF,1CXC,0.046586345381526104,7.0
1CXC,2SPL,0.043080236941303175,4.0
1CXC,3MBA,0.061659192825112105,8.0
1ASH,1CXC,0.0380952380952381,17.0
1CXC,1ECN,0.04726224783861672,13.0
1CXC,1FLP,0.05611672278338945,16.0
1CXC,1GDJ,0.04092920353982301,6.0
1CXC,1HBG,0.054505005561735265,17.0
1CXC,1HSA,0.03587443946188341,5.0
1CXC,1LHS,0.04006497022198159,5.0
1CXC,1MYT,0.0538418395961862,7.0
1CXC,2LHB,0.05351170568561873,5.0
1CXC,1HLM,0.04375667022411953,6.0
1CXC,1HLB,0.03902439024390244,8.0
1CXC,1ENH,0.047019311502938706,8.0
1CXC,1FTZ,0.047582501918649274,11.0
1CXC,1HDP,0.04136833731105807,13.0
1CXC,1OCP,0.05250965250965251,14.0
1CXC,1POU,0.041189931350114416,8.0
1CXC,1FTT,0.04626060138781804,8.0
1CXC,1VND,0.041116005873715125,11.0
1CLH,1CXC,0.03285420944558522,10.0
1CXC,1GRG,0.020494876280929768,11.0
1CXC,1NHR,0.03372591006423983,18.0
1CXC,1LVL,0.026089225150013044,18.0
1CXC,1TDF,0.026878015161957272,12.0
1CXC,1VDC,0.04169424222369292,18.0
155C,1CRY,0.27676240208877284,14.0
155C,3DFR,0.033578174186778595,13.0
155C,8DFR,0.03090294543698696,11.0
155C,1DYR,0.0337437300501596,9.0
155C,1DLR,0.05421103581800581,15.0
155C,1CRB,0.03680276020701553,9.0
155C,1HMR,0.05800604229607251,7.0
155C,1ICN,0.04463208685162847,13.0
155C,1MDC,0.053172205438066465,25.0
155C,1ALB,0.04710144927536232,8.0
155C,1CBQ,0.0739870816206694,8.0
155C,1EAL,0.04884004884004884,8.0
155C,1FRD,0.043507817811012914,19.0
155C,2PIA,0.024823884602482388,15.0
155C,1DOX,0.03708791208791209,9.0
155C,1ROE,0.045081967213114756,6.0
155C,1DOI,0.0448907265209687,5.0
155C,4FXC,0.0381211708645337,6.0
155C,3FX2,0.04456824512534819,17.0
155C,1FLV,0.043187660668380465,12.0
155C,1OFV,0.050437467833247554,10.0
155C,2FRC,0.29155672823219,9.0
155C,1FLA,0.04742625795257374,12.0
155C,5FD1,0.05269761606022585,12.0
155C,1FDN,0.047540983606557376,6.0
155C,1FXD,0.058823529411764705,9.0
155C,1BLU,0.05702066999287242,8.0
155C,1ROF,0.05475040257648953,9.0
155C,1CLF,0.047775947281713346,9.0
155C,2SPL,0.03285870755750274,6.0
155C,3MBA,0.04107244723331432,10.0
155C,1ASH,0.037654653039268425,17.0
155C,1ECN,0.05516431924882629,11.0
155C,1FLP,0.043403769274700174,12.0
155C,1GDJ,0.06077658975801913,8.0
155C,1HBG,0.04187889077532541,15.0
155C,1HSA,0.025551684088269456,7.0
155C,1LHS,0.05506607929515418,7.0
155C,1MYT,0.045662100456621,9.0
155C,2LHB,0.0737379466817924,7.0
155C,1HLM,0.042322300596852956,8.0
155C,1HLB,0.040793825799338476,10.0
155C,1ENH,0.056896551724137934,12.0
155C,1FTZ,0.04245283018867924,13.0
155C,1HDP,0.05057096247960848,15.0
155C,1OCP,0.058544303797468354,16.0
155C,1POU,0.0578125,10.0
155C,1FTT,0.04739336492890995,10.0
155C,1VND,0.037565740045078885,13.0
155C,1CLH,0.047991653625456446,10.0
155C,1GRG,0.02367758186397985,9.0
155C,1NHR,0.021052631578947368,20.0
155C,1LVL,0.0241977906365071,18.0
155C,1TDF,0.028561476837338905,14.0
155C,1VDC,0.03009027081243731,20.0
1CRY,3DFR,0.04419889502762431,11.0
1CRY,8DFR,0.03949367088607595,11.0
1CRY,1DYR,0.03338102050548403,11.0
1CRY,1DLR,0.04060913705583756,19.0
1CRB,1CRY,0.04990870359099209,13.0
1CRY,1HMR,0.0359204618345093,11.0
1CRY,1ICN,0.056338028169014086,15.0
1CRY,1MDC,0.05644644002565747,23.0
1ALB,1CRY,0.03974358974358974,10.0
1CBQ,1CRY,0.03609209707529558,14.0
1CRY,1EAL,0.038910505836575876,8.0
1CRY,1FRD,0.05090909090909091,17.0
1CRY,2PIA,0.029116117850953208,11.0
1CRY,1DOX,0.03529411764705882,13.0
1CRY,1ROE,0.03654970760233918,12.0
1CRY,1DOI,0.045084533500313086,11.0
1CRY,4FXC,0.03641660597232338,10.0
1CRY,3FX2,0.04590935844614479,19.0
1CRY,1FLV,0.046511627906976744,14.0
1CRY,1OFV,0.04114780725500812,8.0
1CRY,2FRC,0.5450704225352113,11.0
1CRY,1FLA,0.056338028169014086,12.0
1CRY,5FD1,0.036048064085447265,14.0
1CRY,1FDN,0.05516014234875445,12.0
1CRY,1FXD,0.05673758865248227,13.0
1BLU,1CRY,0.05202754399387911,12.0
1CRY,1ROF,0.06457242582897033,13.0
1CLF,1CRY,0.05366726296958855,11.0
1CRY,2SPL,0.05317919075144509,10.0
1CRY,3MBA,0.049487024743512374,14.0
1ASH,1CRY,0.038570618264322176,15.0
1CRY,1ECN,0.05223880597014925,17.0
1CRY,1FLP,0.04350453172205438,18.0
1CRY,1GDJ,0.044021415823914334,12.0
1CRY,1HBG,0.047875523638539794,17.0
1CRY,1HSA,0.02875816993464052,11.0
1CRY,1LHS,0.04302325581395349,11.0
1CRY,1MYT,0.05434782608695652,13.0
1CRY,2LHB,0.04799040191961608,9.0
1CRY,1HLM,0.044647967945048654,10.0
1CRY,1HLB,0.051222351571594875,10.0
1CRY,1ENH,0.046992481203007516,14.0
1CRY,1FTZ,0.034013605442176874,15.0
1CRY,1HDP,0.03716814159292035,15.0
1CRY,1OCP,0.053082191780821915,16.0
1CRY,1POU,0.048986486486486486,12.0
1CRY,1FTT,0.042735042735042736,12.0
1CRY,1VND,0.038866396761133605,17.0
1CLH,1CRY,0.039538714991762765,12.0
1CRY,1GRG,0.023748064016520392,11.0
1CRY,1NHR,0.023829315599889166,24.0
1CRY,1LVL,0.02644360496492175,22.0
1CRY,1TDF,0.02882882882882883,20.0
1CRY,1VDC,0.036614853195164075,20.0
3DFR,8DFR,0.1668795232013623,12.0
1DYR,3DFR,0.12302711452853096,10.0
1DLR,3DFR,0.1348122866894198,16.0
1CRB,3DFR,0.03966286564204264,12.0
1HMR,3DFR,0.04449042938437662,10.0
1ICN,3DFR,0.04132231404958678,14.0
1MDC,3DFR,0.05173305742369374,24.0
1ALB,3DFR,0.04136504653567735,11.0
1CBQ,3DFR,0.04038364462392731,13.0
1EAL,3DFR,0.04592901878914405,9.0
1FRD,3DFR,0.052601486563750716,16.0
2PIA,3DFR,0.021478981282602026,12.0
1DOX,3DFR,0.03806228373702422,14.0
1ROE,3DFR,0.03788748564867968,11.0
1DOI,3DFR,0.041603247082699135,10.0
3DFR,4FXC,0.0412135088723526,9.0
3DFR,3FX2,0.03473227206946455,18.0
1FLV,3DFR,0.029689608636977057,13.0
1OFV,3DFR,0.0315173345339937,9.0
2FRC,3DFR,0.04124860646599777,10.0
1FLA,3DFR,0.03188839063278525,15.0
3DFR,5FD1,0.0405982905982906,11.0
1FDN,3DFR,0.029372496662216287,11.0
1FXD,3DFR,0.043941411451398134,12.0
1BLU,3DFR,0.03331350386674598,11.0
1ROF,3DFR,0.035526315789473684,12.0
1CLF,3DFR,0.036193029490616625,10.0
2SPL,3DFR,0.05038022813688213,9.0
3DFR,3MBA,0.043328409650418516,13.0
1ASH,3DFR,0.06083294337856809,10.0
1ECN,3DFR,0.039354187689202826,16.0
1FLP,3DFR,0.045342533267619514,17.0
1GDJ,3DFR,0.035036496350364967,11.0
1HBG,3DFR,0.035207823960880194,20.0
1HSA,3DFR,0.02633889376646181,10.0
1LHS,3DFR,0.04775549188156638,10.0
1MYT,3DFR,0.0374384236453202,12.0
2LHB,3DFR,0.03331700146986771,8.0
1HLM,3DFR,0.04526166902404526,9.0
1HLB,3DFR,0.03824091778202677,11.0
1ENH,3DFR,0.04450625869262865,13.0
1FTZ,3DFR,0.04903225806451613,14.0
1HDP,3DFR,0.043882978723404256,14.0
1OCP,3DFR,0.0311284046692607,17.0
1POU,3DFR,0.04621309370988447,11.0
1FTT,3DFR,0.03626943005181347,11.0
1VND,3DFR,0.037290242386575516,16.0
1CLH,3DFR,0.03553530751708428,13.0
1GRG,3DFR,0.018832391713747645,10.0
1NHR,3DFR,0.02360030128044188,23.0
1LVL,3DFR,0.027450980392156862,23.0
1TDF,3DFR,0.02540489044140997,19.0
1VDC,3DFR,0.039767513000917715,21.0
1DYR,8DFR,0.2890743550834598,6.0
1DLR,8DFR,0.7588680749302511,14.0
1CRB,8DFR,0.031164069660861594,8.0
1HMR,8DFR,0.03336510962821735,6.0
1ICN,8DFR,0.036173250832936696,10.0
1MDC,8DFR,0.03527168732125834,20.0
1ALB,8DFR,0.05717008099094807,7.0
1CBQ,8DFR,0.03727865796831314,7.0
1EAL,8DFR,0.03748197981739548,5.0
1FRD,8DFR,0.042842215256008356,14.0
2PIA,8DFR,0.02453271028037383,10.0
1DOX,8DFR,0.02948920484465508,12.0
1ROE,8DFR,0.04090194022024122,7.0
1DOI,8DFR,0.028089887640449437,6.0
4FXC,8DFR,0.03347280334728033,5.0
3FX2,8DFR,0.03127792672028597,14.0
1FLV,8DFR,0.04271356783919598,9.0
1OFV,8DFR,0.03436714165968147,9.0
2FRC,8DFR,0.03573251659009699,6.0
1FLA,8DFR,0.03959484346224678,11.0
5FD1,8DFR,0.048109965635738834,7.0
1FDN,8DFR,0.028863499699338546,7.0
1FXD,8DFR,0.029994001199760048,8.0
1BLU,8DFR,0.03791982665222102,7.0
1ROF,8DFR,0.03916913946587537,8.0
1CLF,8DFR,0.032589016294508145,6.0
2SPL,8DFR,0.03525782282944028,5.0
3MBA,8DFR,0.03460837887067395,9.0
1ASH,8DFR,0.03996524761077324,14.0
1ECN,8DFR,0.040055891942244994,12.0
1FLP,8DFR,0.03190519598906107,13.0
1GDJ,8DFR,0.04954954954954955,7.0
1HBG,8DFR,0.03167420814479638,16.0
1HSA,8DFR,0.019938650306748466,6.0
1LHS,8DFR,0.03010181496237273,6.0
1MYT,8DFR,0.03826879271070615,8.0
2LHB,8DFR,0.043517679057116954,4.0
1HLM,8DFR,0.03499562554680665,5.0
1HLB,8DFR,0.034559149313247675,7.0
1ENH,8DFR,0.043668122270742356,9.0
1FTZ,8DFR,0.05131195335276968,10.0
1HDP,8DFR,0.03714799281006591,10.0
1OCP,8DFR,0.0492091388400703,13.0
1POU,8DFR,0.03250145095763204,7.0
1FTT,8DFR,0.03510825043885313,7.0
1VND,8DFR,0.04735062006764374,10.0
1CLH,8DFR,0.03728813559322034,7.0
1GRG,8DFR,0.023113528212100613,10.0
1NHR,8DFR,0.019768563162970106,19.0
1LVL,8DFR,0.025441696113074206,21.0
1TDF,8DFR,0.023536511768255886,15.0
1VDC,8DFR,0.026208503203261502,13.0
1DLR,1DYR,0.28278221208665905,12.0
1CRB,1DYR,0.026041666666666668,6.0
1DYR,1HMR,0.03153153153153153,4.0
1DYR,1ICN,0.033288349077822764,6.0
1DYR,1MDC,0.03423423423423423,14.0
1ALB,1DYR,0.0315173345339937,5.0
1CBQ,1DYR,0.029982363315696647,7.0
1DYR,1EAL,0.02814344076259646,3.0
1DYR,1FRD,0.03143418467583497,12.0
1DYR,2PIA,0.022560631697687534,10.0
1DOX,1DYR,0.035625927758535375,10.0
1DYR,1ROE,0.037456875308033516,5.0
1DOI,1DYR,0.0283436669619132,4.0
1DYR,4FXC,0.03933136676499508,3.0
1DYR,3FX2,0.0576271186440678,12.0
1DYR,1FLV,0.027888446215139442,7.0
1DYR,1OFV,0.03269537480063796,7.0
1DYR,2FRC,0.0422873618452667,2.0
1DYR,1FLA,0.03225806451612903,9.0
1DYR,5FD1,0.047244094488188976,7.0
1DYR,1FDN,0.0257703081232493,5.0
1DYR,1FXD,0.03242034656232532,8.0
1BLU,1DYR,0.037601626016260166,7.0
1DYR,1ROF,0.029883785279468732,8.0
1CLF,1DYR,0.03485103991006183,6.0
1DYR,2SPL,0.034295273943956504,3.0
1DYR,3MBA,0.03278688524590164,9.0
1ASH,1DYR,0.03547854785478548,14.0
1DYR,1ECN,0.031732040546496254,12.0
1DYR,1FLP,0.02936096718480138,9.0
1DYR,1GDJ,0.032450896669513236,5.0
1DYR,1HBG,0.02830188679245283,14.0
1DYR,1HSA,0.0182328190743338,4.0
1DYR,1LHS,0.04031919361612768,4.0
1DYR,1MYT,0.035390591281829954,6.0
1DYR,2LHB,0.0429553264604811,2.0
1DYR,1HLM,0.026578073089700997,3.0
1DYR,1HLB,0.03530895334174023,5.0
1DYR,1ENH,0.030144927536231884,5.0
1DYR,1FTZ,0.04246053347849755,6.0
1DYR,1HDP,0.03015075376884422,10.0
1DYR,1OCP,0.0306178239475123,13.0
1DYR,1POU,0.032520325203252036,7.0
1DYR,1FTT,0.03713817586018569,5.0
1DYR,1VND,0.04008438818565401,10.0
1CLH,1DYR,0.0249798549556809,7.0
1DYR,1GRG,0.01631753031973539,6.0
1DYR,1NHR,0.02622950819672131,17.0
1DYR,1LVL,0.021525074421799864,21.0
1DYR,1TDF,0.025029103608847497,13.0
1DYR,1VDC,0.03768278965129359,17.0
1CRB,1DLR,0.03031694993109784,12.0
1DLR,1HMR,0.03153368370759675,8.0
1DLR,1ICN,0.04580152671755725,18.0
1DLR,1MDC,0.023889154323936932,30.0
1ALB,1DLR,0.04011461318051576,11.0
1CBQ,1DLR,0.029892573563755253,13.0
1DLR,1EAL,0.03371868978805395,11.0
1DLR,1FRD,0.03876375065479309,24.0
1DLR,2PIA,0.025153553670663936,16.0
1DLR,1DOX,0.030623020063357972,16.0
1DLR,1ROE,0.050473186119873815,11.0
1DLR,1DOI,0.030971374941342094,10.0
1DLR,4FXC,0.032511798636601995,11.0
1DLR,3FX2,0.03761755485893417,20.0
1DLR,1FLV,0.026856903063365505,13.0
1DLR,1OFV,0.030239395212095756,13.0
1DLR,2FRC,0.04605936540429888,12.0
1DLR,1FLA,0.03507152745731426,15.0
1DLR,5FD1,0.04232283464566929,11.0
1DLR,1FDN,0.027744270205066344,11.0
1DLR,1FXD,0.03369434416365824,12.0
1BLU,1DLR,0.030418250950570342,11.0
1DLR,1ROF,0.039285714285714285,12.0
1CLF,1DLR,0.03026634382566586,12.0
1DLR,2SPL,0.03445229681978799,11.0
1DLR,3MBA,0.03194888178913738,15.0
1ASH,1DLR,0.049629952111449716,22.0
1DLR,1ECN,0.035480859010270774,16.0
1DLR,1FLP,0.027409776153494745,21.0
1DLR,1GDJ,0.03250564334085779,11.0
1DLR,1HBG,0.029024943310657598,22.0
1DLR,1HSA,0.013856812933025405,12.0
1DLR,1LHS,0.0417036379769299,12.0
1DLR,1MYT,0.045662100456621,14.0
1DLR,2LHB,0.0372557928214448,10.0
1DLR,1HLM,0.041209995615957916,9.0
1DLR,1HLB,0.03463587921847247,13.0
1DLR,1ENH,0.04380475594493116,13.0
1DLR,1FTZ,0.05497076023391813,14.0
1DLR,1HDP,0.04567307692307692,18.0
1DLR,1OCP,0.04465334900117509,19.0
1DLR,1POU,0.030267753201396973,13.0
1DLR,1FTT,0.035211267605633804,11.0
1DLR,1VND,0.0395703787450537,16.0
1CLH,1DLR,0.037367303609341825,15.0
1DLR,1GRG,0.02223230490018149,16.0
1DLR,1NHR,0.024137098720733767,19.0
1DLR,1LVL,0.018867924528301886,21.0
1DLR,1TDF,0.021154427319431852,17.0
1DLR,1VDC,0.031496062992125984,23.0
1CRB,1HMR,0.3057757644394111,4.0
1CRB,1ICN,0.2430751837196156,12.0
1CRB,1MDC,0.1245753114382786,24.0
1ALB,1CRB,0.3316355404640634,5.0
1CBQ,1CRB,0.36824696802646084,7.0
1CRB,1EAL,0.12121212121212122,5.0
1CRB,1FRD,0.04298356510745891,18.0
1CRB,2PIA,0.023932729624838292,12.0
1CRB,1DOX,0.03828972559029994,12.0
1CRB,1ROE,0.040634920634920635,5.0
1CRB,1DOI,0.04767184035476718,4.0
1CRB,4FXC,0.030379746835443037,5.0
1CRB,3FX2,0.0472193074501574,12.0
1CRB,1FLV,0.03599221789883268,9.0
1CRB,1OFV,0.04965920155793573,9.0
1CRB,2FRC,0.0430239704978488,6.0
1CRB,1FLA,0.04782608695652174,9.0
1CRB,5FD1,0.04809384164222874,9.0
1CRB,1FDN,0.042073628850488355,5.0
1CRB,1FXD,0.052434456928838954,6.0
1BLU,1CRB,0.04491413474240423,5.0
1CRB,1ROF,0.04138950480413895,6.0
1CLF,1CRB,0.03773584905660377,6.0
1CRB,2SPL,0.040268456375838924,5.0
1CRB,3MBA,0.034334763948497854,9.0
1ASH,1CRB,0.04467005076142132,16.0
1CRB,1ECN,0.02865013774104683,12.0
1CRB,1FLP,0.031149301825993556,15.0
1CRB,1GDJ,0.04766949152542373,5.0
1CRB,1HBG,0.038338658146964855,16.0
1CRB,1HSA,0.024691358024691357,6.0
1CRB,1LHS,0.03632589517384536,6.0
1CRB,1MYT,0.03435319377348363,6.0
1CRB,2LHB,0.054429028815368194,4.0
1CRB,1HLM,0.05424769703172978,5.0
1CRB,1HLB,0.04883116883116883,7.0
1CRB,1ENH,0.03933910306845004,9.0
1CRB,1FTZ,0.046276211135213303,10.0
1CRB,1HDP,0.0493642483171279,12.0
1CRB,1OCP,0.05090909090909091,13.0
1CRB,1POU,0.043134435657800146,7.0
1CRB,1FTT,0.04066811909949165,7.0
1CRB,1VND,0.03467406380027739,10.0
1CLH,1CRB,0.03254437869822485,7.0
1CRB,1GRG,0.02058319039451115,8.0
1CRB,1NHR,0.025157232704402517,17.0
1CRB,1LVL,0.027600306670074112,19.0
1CRB,1TDF,0.028839704896042925,13.0
1CRB,1VDC,0.02321083172147002,19.0
1HMR,1ICN,0.29317507418397626,10.0
1HMR,1MDC,0.25326991676575505,22.0
1ALB,1HMR,0.6619132501485443,3.0
1CBQ,1HMR,0.3872832369942196,5.0
1EAL,1HMR,0.1873873873873874,3.0
1FRD,1HMR,0.04806408544726302,16.0
1HMR,2PIA,0.032579787234042555,10.0
1DOX,1HMR,0.04720161834120027,10.0
1HMR,1ROE,0.05097250167672703,3.0
1DOI,1HMR,0.03488372093023256,2.0
1HMR,4FXC,0.04679144385026738,3.0
1HMR,3FX2,0.03732162458836443,12.0
1FLV,1HMR,0.05476673427991886,7.0
1HMR,1OFV,0.03857868020304569,7.0
1HMR,2FRC,0.037589112119248216,4.0
1FLA,1HMR,0.04100227790432802,9.0
1HMR,5FD1,0.055521283158544106,7.0
1FDN,1HMR,0.048115477145148355,3.0
1FXD,1HMR,0.03836930455635491,4.0
1BLU,1HMR,0.03496503496503497,3.0
1HMR,1ROF,0.039401103230890466,4.0
1CLF,1HMR,0.037066881547139406,4.0
1HMR,2SPL,0.04317323259579061,3.0
1HMR,3MBA,0.04044943820224719,7.0
1ASH,1HMR,0.051961823966065745,14.0
1ECN,1HMR,0.046216060080878106,10.0
1FLP,1HMR,0.0359955005624297,13.0
1GDJ,1HMR,0.045454545454545456,3.0
1HBG,1HMR,0.03901895206243032,14.0
1HMR,1HSA,0.02702702702702703,4.0
1HMR,1LHS,0.041237113402061855,4.0
1HMR,1MYT,0.03934794828555368,6.0
1HMR,2LHB,0.03798882681564246,2.0
1HLM,1HMR,0.05026737967914439,3.0
1HLB,1HMR,0.046713742531233025,5.0
1ENH,1HMR,0.06402695871946082,7.0
1FTZ,1HMR,0.03849114703618168,8.0
1HDP,1HMR,0.04309656823623304,10.0
1HMR,1OCP,0.05112316034082107,11.0
1HMR,1POU,0.05967865340474369,5.0
1FTT,1HMR,0.03402938901778809,5.0
1HMR,1VND,0.033873343151693665,8.0
1CLH,1HMR,0.047325102880658436,7.0
1GRG,1HMR,0.01651238428821616,8.0
1HMR,1NHR,0.024115755627009645,15.0
1HMR,1LVL,0.020370854008879603,17.0
1HMR,1TDF,0.029675638371290544,11.0
1HMR,1VDC,0.02584493041749503,17.0
1ICN,1MDC,0.14124629080118695,12.0
1ALB,1ICN,0.2823250296559905,11.0
1CBQ,1ICN,0.2608193883439123,13.0
1EAL,1ICN,0.16906474820143885,7.0
1FRD,1ICN,0.05996002664890073,14.0
1ICN,2PIA,0.03852540684158087,14.0
1DOX,1ICN,0.07537012113055182,14.0
1ICN,1ROE,0.07362784471218206,11.0
1DOI,1ICN,0.05107370864770749,10.0
1ICN,4FXC,0.08405603735823883,7.0
1ICN,3FX2,0.040547945205479455,16.0
1FLV,1ICN,0.04860759493670886,11.0
1ICN,1OFV,0.060821084642676125,11.0
1ICN,2FRC,0.050452781371280724,6.0
1FLA,1ICN,0.051165434906196704,13.0
1ICN,5FD1,0.029556650246305417,11.0
1FDN,1ICN,0.0288,11.0
1FXD,1ICN,0.04784688995215311,14.0
1BLU,1ICN,0.03768318213538032,13.0
1ICN,1ROF,0.050314465408805034,14.0
1CLF,1ICN,0.04501607717041801,10.0
1ICN,2SPL,0.0334051724137931,7.0
1ICN,3MBA,0.04374649467190129,13.0
1ASH,1ICN,0.035997882477501325,16.0
1ECN,1ICN,0.0530565167243368,14.0
1FLP,1ICN,0.052779337450870295,7.0
1GDJ,1ICN,0.04316546762589928,11.0
1HBG,1ICN,0.037840845854201444,18.0
1HSA,1ICN,0.020202020202020204,8.0
1ICN,1LHS,0.03358613217768147,8.0
1ICN,1MYT,0.03928170594837262,10.0
1ICN,2LHB,0.03680981595092025,6.0
1HLM,1ICN,0.04164442071542979,7.0
1HLB,1ICN,0.03796095444685466,7.0
1ENH,1ICN,0.043697478991596636,11.0
1FTZ,1ICN,0.05222734254992319,12.0
1HDP,1ICN,0.042993630573248405,12.0
1ICN,1OCP,0.0401854714064915,17.0
1ICN,1POU,0.06259541984732825,11.0
1FTT,1ICN,0.040123456790123455,7.0
1ICN,1VND,0.0440852314474651,18.0
1CLH,1ICN,0.028762198253723677,9.0
1GRG,1ICN,0.0235,8.0
1ICN,1NHR,0.03427041499330656,23.0
1ICN,1LVL,0.02139874739039666,27.0
1ICN,1TDF,0.03240261978628059,21.0
1ICN,1VDC,0.023171135385633895,19.0
1ALB,1MDC,0.26262626262626265,19.0
1CBQ,1MDC,0.15953757225433526,21.0
1EAL,1MDC,0.12972972972972974,15.0
1FRD,1MDC,0.03471295060080107,18.0
1MDC,2PIA,0.025930851063829786,22.0
1DOX,1MDC,0.04720161834120027,18.0
1MDC,1ROE,0.04024144869215292,23.0
1DOI,1MDC,0.03488372093023256,22.0
1MDC,4FXC,0.04679144385026738,17.0
1MDC,3FX2,0.04720087815587267,26.0
1FLV,1MDC,0.04462474645030426,21.0
1MDC,1OFV,0.04263959390862944,19.0
1MDC,2FRC,0.03888528839922229,14.0
1FLA,1MDC,0.0387243735763098,19.0
1MDC,5FD1,0.04688463911165947,19.0
1FDN,1MDC,0.04490777866880513,25.0
1FXD,1MDC,0.060751398880895285,26.0
1BLU,1MDC,0.03636363636363636,27.0
1MDC,1ROF,0.04885736800630418,26.0
1CLF,1MDC,0.0531829170024174,20.0
1MDC,2SPL,0.035617916891527254,17.0
1MDC,3MBA,0.04269662921348315,23.0
1ASH,1MDC,0.03711558854718982,24.0
1ECN,1MDC,0.04737146158290006,22.0
1FLP,1MDC,0.05061867266591676,13.0
1GDJ,1MDC,0.04212860310421286,21.0
1HBG,1MDC,0.04793756967670011,22.0
1HSA,1MDC,0.02702702702702703,18.0
1LHS,1MDC,0.03798155181768855,18.0
1MDC,1MYT,0.04609331084879146,18.0
1MDC,2LHB,0.03798882681564246,16.0
1HLM,1MDC,0.051336898395721926,17.0
1HLB,1MDC,0.03259098316132537,19.0
1ENH,1MDC,0.05391743892165122,21.0
1FTZ,1MDC,0.03849114703618168,22.0
1HDP,1MDC,0.0446927374301676,18.0
1MDC,1OCP,0.03563129357087529,27.0
1MDC,1POU,0.05967865340474369,21.0
1FTT,1MDC,0.04640371229698376,19.0
1MDC,1VND,0.042709867452135494,26.0
1CLH,1MDC,0.050411522633744855,19.0
1GRG,1MDC,0.02151613710282712,16.0
1MDC,1NHR,0.02840300107181136,33.0
1LVL,1MDC,0.01932619482893706,39.0
1MDC,1TDF,0.028295376121463076,33.0
1MDC,1VDC,0.03711066931742876,27.0
1ALB,1CBQ,0.30271519352975157,4.0
1ALB,1EAL,0.12725090036014405,2.0
1ALB,1FRD,0.0466977985323549,15.0
1ALB,2PIA,0.030574941841143236,11.0
1ALB,1DOX,0.03908355795148248,9.0
1ALB,1ROE,0.045576407506702415,4.0
1ALB,1DOI,0.034863451481696686,3.0
1ALB,4FXC,0.04542418169672679,4.0
1ALB,3FX2,0.036204059243006036,13.0
1ALB,1FLV,0.04358844399391789,8.0
1ALB,1OFV,0.038559107052257735,6.0
1ALB,2FRC,0.04404145077720207,5.0
1ALB,1FLA,0.04780876494023904,6.0
1ALB,5FD1,0.06658446362515413,6.0
1ALB,1FDN,0.05608974358974359,6.0
1ALB,1FXD,0.05591054313099041,3.0
1ALB,1BLU,0.04472396925227114,4.0
1ALB,1ROF,0.048818897637795275,3.0
1ALB,1CLF,0.04186795491143317,3.0
1ALB,2SPL,0.036677454153182305,4.0
1ALB,3MBA,0.03705783267827063,6.0
1ALB,1ASH,0.036036036036036036,13.0
1ALB,1ECN,0.049653579676674366,9.0
1ALB,1FLP,0.02922990444069702,14.0
1ALB,1GDJ,0.03545706371191136,2.0
1ALB,1HBG,0.03676880222841226,9.0
1ALB,1HSA,0.03374578177727784,5.0
1ALB,1LHS,0.03796095444685466,5.0
1ALB,1MYT,0.03932584269662921,7.0
1ALB,2LHB,0.03238414293690676,3.0
1ALB,1HLM,0.05024051309460182,4.0
1ALB,1HLB,0.05537459283387622,6.0
1ALB,1ENH,0.07575757575757576,8.0
1ALB,1FTZ,0.052307692307692305,9.0
1ALB,1HDP,0.0430622009569378,11.0
1ALB,1OCP,0.05263157894736842,10.0
1ALB,1POU,0.05963302752293578,4.0
1ALB,1FTT,0.04636785162287481,6.0
1ALB,1VND,0.04415011037527594,7.0
1ALB,1CLH,0.04832904884318766,8.0
1ALB,1GRG,0.026513256628314157,9.0
1ALB,1NHR,0.0326814894186981,14.0
1ALB,1LVL,0.02349869451697128,16.0
1ALB,1TDF,0.024146257330113833,10.0
1ALB,1VDC,0.025173898641934415,16.0
1CBQ,1EAL,0.1389375364856976,6.0
1CBQ,1FRD,0.045278137128072445,19.0
1CBQ,2PIA,0.0281413612565445,11.0
1CBQ,1DOX,0.040496407576747225,11.0
1CBQ,1ROE,0.05328135152696556,4.0
1CBQ,1DOI,0.03619909502262444,3.0
1CBQ,4FXC,0.03626943005181347,4.0
1CBQ,3FX2,0.039572192513368985,15.0
1CBQ,1FLV,0.039603960396039604,10.0
1CBQ,1OFV,0.03964321110009911,10.0
1CBQ,2FRC,0.03896920175989944,7.0
1CBQ,1FLA,0.043237250554323724,12.0
1CBQ,5FD1,0.029958058717795086,8.0
1CBQ,1FDN,0.044787644787644784,8.0
1CBQ,1FXD,0.05850654349499615,5.0
1BLU,1CBQ,0.07171853856562922,6.0
1CBQ,1ROF,0.05770690964312832,5.0
1CBQ,1CLF,0.062063615205585725,5.0
1CBQ,2SPL,0.03577064702788006,4.0
1CBQ,3MBA,0.03282275711159737,6.0
1ASH,1CBQ,0.04963805584281282,15.0
1CBQ,1ECN,0.02922990444069702,11.0
1CBQ,1FLP,0.04381161007667032,16.0
1CBQ,1GDJ,0.035637149028077755,4.0
1CBQ,1HBG,0.04234527687296417,15.0
1CBQ,1HSA,0.053418803418803416,5.0
1CBQ,1LHS,0.04019037546271814,5.0
1CBQ,1MYT,0.0481663929939792,7.0
1CBQ,2LHB,0.03373231773667029,5.0
1CBQ,1HLM,0.029197080291970802,6.0
1CBQ,1HLB,0.04129168872419269,8.0
1CBQ,1ENH,0.0437246963562753,10.0
1CBQ,1FTZ,0.0400890868596882,11.0
1CBQ,1HDP,0.04611837048424289,13.0
1CBQ,1OCP,0.043315907393577296,12.0
1CBQ,1POU,0.045756457564575644,6.0
1CBQ,1FTT,0.0343027591349739,8.0
1CBQ,1VND,0.03982930298719772,7.0
1CBQ,1CLH,0.03815261044176707,10.0
1CBQ,1GRG,0.026205191594561188,11.0
1CBQ,1NHR,0.025925925925925925,16.0
1CBQ,1LVL,0.018571060098013927,16.0
1CBQ,1TDF,0.024439918533604887,12.0
1CBQ,1VDC,0.024787997390737115,16.0
1EAL,1FRD,0.0661715057393653,11.0
1EAL,2PIA,0.02273487128050819,9.0
1DOX,1EAL,0.0791268758526603,7.0
1EAL,1ROE,0.06648575305291723,4.0
1DOI,1EAL,0.037580739870816206,3.0
1EAL,4FXC,0.07031778228532792,2.0
1EAL,3FX2,0.04653739612188366,11.0
1EAL,1FLV,0.05217391304347826,6.0
1EAL,1OFV,0.03686635944700461,4.0
1EAL,2FRC,0.04980340760157274,3.0
1EAL,1FLA,0.0425531914893617,4.0
1EAL,5FD1,0.04239401496259352,6.0
1EAL,1FDN,0.04390243902439024,4.0
1EAL,1FXD,0.06320907617504051,5.0
1BLU,1EAL,0.059447983014861996,4.0
1EAL,1ROF,0.036741214057507986,5.0
1CLF,1EAL,0.0457516339869281,3.0
1EAL,2SPL,0.04030501089324619,2.0
1EAL,3MBA,0.03743618831537152,6.0
1ASH,1EAL,0.042803638309256285,11.0
1EAL,1ECN,0.050175029171528586,9.0
1EAL,1FLP,0.034071550255536626,10.0
1EAL,1GDJ,0.047006155567991044,4.0
1EAL,1HBG,0.04164321890827237,9.0
1EAL,1HSA,0.027554535017221583,3.0
1EAL,1LHS,0.03943044906900329,3.0
1EAL,1MYT,0.04199772985244041,5.0
1EAL,2LHB,0.030456852791878174,1.0
1EAL,1HLM,0.04317323259579061,2.0
1EAL,1HLB,0.04057017543859649,4.0
1EAL,1ENH,0.042735042735042736,6.0
1EAL,1FTZ,0.054602184087363496,7.0
1EAL,1HDP,0.05339805825242718,7.0
1EAL,1OCP,0.04081632653061224,10.0
1EAL,1POU,0.034108527131782945,4.0
1EAL,1FTT,0.048589341692789965,4.0
1EAL,1VND,0.04623415361670395,9.0
1CLH,1EAL,0.0467047223663726,6.0
1EAL,1GRG,0.020603015075376884,7.0
1EAL,1NHR,0.019919246298788693,16.0
1EAL,1LVL,0.028856243441762856,18.0
1EAL,1TDF,0.02846233946546338,12.0
1EAL,1VDC,0.03798733755414862,14.0
1FRD,2PIA,0.11402266288951841,16.0
1DOX,1FRD,0.5773672055427251,18.0
1FRD,1ROE,0.5983167559296098,17.0
1DOI,1FRD,0.24739583333333334,16.0
1FRD,4FXC,0.6112804878048781,13.0
1FRD,3FX2,0.06105006105006105,22.0
1FLV,1FRD,0.04586129753914989,17.0
1FRD,1OFV,0.029115341545352745,15.0
1FRD,2FRC,0.05003679175864607,14.0
1FLA,1FRD,0.047073791348600506,15.0
1FRD,5FD1,0.05288796102992345,17.0
1FDN,1FRD,0.06961429915333961,17.0
1FRD,1FXD,0.06560449859418932,18.0
1BLU,1FRD,0.10754414125200643,17.0
1FRD,1ROF,0.05898617511520737,16.0
1CLF,1FRD,0.1173131504257332,14.0
1FRD,2SPL,0.039544637507489516,13.0
1FRD,3MBA,0.03007518796992481,17.0
1ASH,1FRD,0.043478260869565216,18.0
1ECN,1FRD,0.04654169360051713,18.0
1FLP,1FRD,0.033877038895859475,15.0
1FRD,1GDJ,0.0345679012345679,17.0
1FRD,1HBG,0.031055900621118012,20.0
1FRD,1HSA,0.022727272727272728,14.0
1FRD,1LHS,0.03375527426160337,14.0
1FRD,1MYT,0.04012539184952978,12.0
1FRD,2LHB,0.0410958904109589,12.0
1FRD,1HLM,0.03558718861209965,13.0
1FRD,1HLB,0.03500301750150875,15.0
1ENH,1FRD,0.049850448654037885,15.0
1FRD,1FTZ,0.059192825112107626,16.0
1FRD,1HDP,0.05986903648269411,14.0
1FRD,1OCP,0.04878048780487805,21.0
1FRD,1POU,0.06233303650934995,15.0
1FRD,1FTT,0.04147880973850315,15.0
1FRD,1VND,0.03747870528109029,20.0
1CLH,1FRD,0.05568181818181818,13.0
1FRD,1GRG,0.02098085496984002,14.0
1FRD,1NHR,0.023111612175873732,29.0
1FRD,1LVL,0.027434842249657063,29.0
1FRD,1TDF,0.026529108327192335,23.0
1FRD,1VDC,0.021877205363443897,21.0
1DOX,2PIA,0.09967960128159488,12.0
1ROE,2PIA,0.12069577564785232,11.0
1DOI,2PIA,0.06828627708470125,10.0
2PIA,4FXC,0.09355067328136074,9.0
2PIA,3FX2,0.02477763659466328,18.0
1FLV,2PIA,0.027895694360218316,13.0
1OFV,2PIA,0.02366504854368932,11.0
2FRC,2PIA,0.025792959219240155,10.0
1FLA,2PIA,0.01881894873458793,13.0
2PIA,5FD1,0.027146250424160162,13.0
1FDN,2PIA,0.034201321414691024,11.0
1FXD,2PIA,0.03181994567326348,10.0
1BLU,2PIA,0.027576197387518143,11.0
1ROF,2PIA,0.03468208092485549,12.0
1CLF,2PIA,0.037397740553174914,10.0
2PIA,2SPL,0.03271469015413652,9.0
2PIA,3MBA,0.0231809401159047,13.0
1ASH,2PIA,0.037359900373599,14.0
1ECN,2PIA,0.026169447170428524,16.0
1FLP,2PIA,0.020618556701030927,17.0
1GDJ,2PIA,0.02619808306709265,11.0
1HBG,2PIA,0.028205128205128206,18.0
1HSA,2PIA,0.016260162601626018,10.0
1LHS,2PIA,0.023982328810350267,10.0
1MYT,2PIA,0.024476650563607084,12.0
2LHB,2PIA,0.028883183568677792,8.0
1HLM,2PIA,0.038172715894868585,9.0
1HLB,2PIA,0.030944111146195136,11.0
1ENH,2PIA,0.023079984082769598,11.0
1FTZ,2PIA,0.022857142857142857,10.0
1HDP,2PIA,0.025591314462970142,14.0
1OCP,2PIA,0.02445548337791364,15.0
1POU,2PIA,0.020508925180402583,9.0
1FTT,2PIA,0.020618556701030927,11.0
1VND,2PIA,0.02533532041728763,14.0
1CLH,2PIA,0.021406727828746176,11.0
1GRG,2PIA,0.019537854593274468,12.0
1NHR,2PIA,0.021747726374060895,21.0
1LVL,2PIA,0.027158098933074686,23.0
1TDF,2PIA,0.020359848484848484,19.0
1VDC,2PIA,0.018876611418047883,17.0
1DOX,1ROE,0.7414860681114551,9.0
1DOI,1DOX,0.29980276134122286,8.0
1DOX,4FXC,0.8064764841942945,7.0
1DOX,3FX2,0.07763401109057301,18.0
1DOX,1FLV,0.06655386350817823,13.0
1DOX,1OFV,0.039525691699604744,9.0
1DOX,2FRC,0.03869047619047619,10.0
1DOX,1FLA,0.0449582530507386,7.0
1DOX,5FD1,0.053445850914205346,13.0
1DOX,1FDN,0.10305343511450382,9.0
1DOX,1FXD,0.0779467680608365,10.0
1BLU,1DOX,0.13160032493907392,11.0
1DOX,1ROF,0.07289719626168224,12.0
1CLF,1DOX,0.11708253358925144,10.0
1DOX,2SPL,0.030229746070133012,7.0
1DOX,3MBA,0.0392156862745098,11.0
1ASH,1DOX,0.04030823947836396,18.0
1DOX,1ECN,0.03524804177545692,12.0
1DOX,1FLP,0.05446485117162761,15.0
1DOX,1GDJ,0.03115264797507788,11.0
1DOX,1HBG,0.03761755485893417,12.0
1DOX,1HSA,0.04934687953555878,8.0
1DOX,1LHS,0.029197080291970802,8.0
1DOX,1MYT,0.04177215189873418,10.0
1DOX,2LHB,0.03519798868636078,8.0
1DOX,1HLM,0.031119090365050867,9.0
1DOX,1HLB,0.028014616321559074,11.0
1DOX,1ENH,0.04048582995951417,11.0
1DOX,1FTZ,0.04363636363636364,10.0
1DOX,1HDP,0.04743833017077799,14.0
1DOX,1OCP,0.040293040293040296,17.0
1DOX,1POU,0.04512635379061372,9.0
1DOX,1FTT,0.031078610603290677,11.0
1DOX,1VND,0.04314063848144953,14.0
1CLH,1DOX,0.06074498567335244,13.0
1DOX,1GRG,0.01685097419694576,12.0
1DOX,1NHR,0.02604019247098783,21.0
1DOX,1LVL,0.020385674931129475,21.0
1DOX,1TDF,0.025935531678399407,19.0
1DOX,1VDC,0.026959914863426748,19.0
1DOI,1ROE,0.34270765206017006,1.0
1ROE,4FXC,0.7172413793103448,2.0
1ROE,3FX2,0.05272838749233599,13.0
1FLV,1ROE,0.06176305446378439,8.0
1OFV,1ROE,0.04384485666104553,8.0
1ROE,2FRC,0.04585798816568047,5.0
1FLA,1ROE,0.04600638977635783,10.0
1ROE,5FD1,0.05454545454545454,8.0
1FDN,1ROE,0.08712121212121213,4.0
1FXD,1ROE,0.06792452830188679,5.0
1BLU,1ROE,0.11783696529459241,4.0
1ROE,1ROF,0.0686456400742115,5.0
1CLF,1ROE,0.10095238095238095,5.0
1ROE,2SPL,0.027677496991576414,2.0
1ROE,3MBA,0.040276903713027064,4.0
1ASH,1ROE,0.0471976401179941,15.0
1ECN,1ROE,0.03506493506493506,11.0
1FLP,1ROE,0.04662885948330183,14.0
1GDJ,1ROE,0.037197768133911964,4.0
1HBG,1ROE,0.034934497816593885,13.0
1HSA,1ROE,0.04878048780487805,1.0
1LHS,1ROE,0.03268765133171913,3.0
1MYT,1ROE,0.03526448362720403,5.0
1ROE,2LHB,0.03627267041901188,3.0
1HLM,1ROE,0.03692674210839786,4.0
1HLB,1ROE,0.027878787878787878,6.0
1ENH,1ROE,0.04618473895582329,6.0
1FTZ,1ROE,0.04512635379061372,9.0
1HDP,1ROE,0.0696798493408663,11.0
1OCP,1ROE,0.06,12.0
1POU,1ROE,0.06630824372759857,6.0
1FTT,1ROE,0.047186932849364795,6.0
1ROE,1VND,0.04798628963153385,9.0
1CLH,1ROE,0.052481460353679406,8.0
1GRG,1ROE,0.017341040462427744,9.0
1NHR,1ROE,0.024286924597571306,16.0
1LVL,1ROE,0.02034084661902144,14.0
1ROE,1TDF,0.023642408570373107,10.0
1ROE,1VDC,0.026883622214361514,18.0
1DOI,4FXC,0.2920469361147327,1.0
1DOI,3FX2,0.04838709677419355,12.0
1DOI,1FLV,0.03880597014925373,7.0
1DOI,1OFV,0.04083665338645418,7.0
1DOI,2FRC,0.04174573055028463,4.0
1DOI,1FLA,0.0379041248606466,9.0
1DOI,5FD1,0.05786618444846293,7.0
1DOI,1FDN,0.06381322957198443,3.0
1DOI,1FXD,0.05896043444530644,4.0
1BLU,1DOI,0.04495912806539509,3.0
1DOI,1ROF,0.05967865340474369,4.0
1CLF,1DOI,0.0797498045347928,4.0
1DOI,2SPL,0.04019037546271814,1.0
1DOI,3MBA,0.0352035203520352,5.0
1ASH,1DOI,0.034303534303534305,14.0
1DOI,1ECN,0.033917467495760314,10.0
1DOI,1FLP,0.04515418502202643,13.0
1DOI,1GDJ,0.03474484256243214,3.0
1DOI,1HBG,0.028384279475982533,14.0
1DOI,1HSA,0.04535637149028078,2.0
1DOI,1LHS,0.029771398192450824,2.0
1DOI,1MYT,0.03962575674188222,4.0
1DOI,2LHB,0.036105032822757115,2.0
1DOI,1HLM,0.033542976939203356,3.0
1DOI,1HLB,0.04683342203299627,5.0
1DOI,1ENH,0.05714285714285714,7.0
1DOI,1FTZ,0.04487658937920718,8.0
1DOI,1HDP,0.054221533694810226,10.0
1DOI,1OCP,0.0346124905944319,11.0
1DOI,1POU,0.05055762081784387,5.0
1DOI,1FTT,0.0405709992486852,5.0
1DOI,1VND,0.03581661891117478,8.0
1CLH,1DOI,0.04036326942482341,7.0
1DOI,1GRG,0.019330855018587362,8.0
1DOI,1NHR,0.026525198938992044,15.0
1DOI,1LVL,0.019136281355055598,15.0
1DOI,1TDF,0.030653950953678476,11.0
1DOI,1VDC,0.03664921465968586,17.0
3FX2,4FXC,0.061124694376528114,11.0
1FLV,4FXC,0.05823068309070549,6.0
1OFV,4FXC,0.05044843049327354,6.0
2FRC,4FXC,0.04126750184229919,3.0
1FLA,4FXC,0.049681528662420385,8.0
4FXC,5FD1,0.04878048780487805,6.0
1FDN,4FXC,0.10179076343072573,4.0
1FXD,4FXC,0.07323943661971831,5.0
1BLU,4FXC,0.1302250803858521,4.0
1ROF,4FXC,0.08310249307479224,5.0
1CLF,4FXC,0.1080568720379147,3.0
2SPL,4FXC,0.03239352129574085,0.0
3MBA,4FXC,0.03889585947302384,4.0
1ASH,4FXC,0.041176470588235294,11.0
1ECN,4FXC,0.03495145631067961,9.0
1FLP,4FXC,0.048994974874371856,10.0
1GDJ,4FXC,0.034610630407911,4.0
1HBG,4FXC,0.03482587064676617,13.0
1HSA,4FXC,0.04843304843304843,1.0
1LHS,4FXC,0.030175015087507542,1.0
1MYT,4FXC,0.04143126177024482,3.0
2LHB,4FXC,0.03865336658354115,1.0
1HLM,4FXC,0.029691211401425176,2.0
1HLB,4FXC,0.030211480362537766,4.0
1ENH,4FXC,0.04595404595404595,6.0
1FTZ,4FXC,0.0431266846361186,7.0
1HDP,4FXC,0.046860356138706656,7.0
1OCP,4FXC,0.039819004524886875,10.0
1POU,4FXC,0.04103479036574487,4.0
1FTT,4FXC,0.03071364046973803,4.0
1VND,4FXC,0.042662116040955635,9.0
1CLH,4FXC,0.05915813424345848,6.0
1GRG,4FXC,0.017318289162949356,7.0
1NHR,4FXC,0.02143260011280316,16.0
1LVL,4FXC,0.021959923140269007,16.0
1TDF,4FXC,0.028023598820058997,12.0
1VDC,4FXC,0.026836158192090395,14.0
1FLV,3FX2,0.1865530303030303,13.0
1OFV,3FX2,0.23412322274881517,15.0
2FRC,3FX2,0.035650623885918005,12.0
1FLA,3FX2,0.22362869198312235,17.0
3FX2,5FD1,0.04088586030664395,15.0
1FDN,3FX2,0.06200432588320115,13.0
1FXD,3FX2,0.0503235082674335,14.0
1BLU,3FX2,0.049681528662420385,13.0
1ROF,3FX2,0.0667139815471966,14.0
1CLF,3FX2,0.05792903692976104,12.0
2SPL,3FX2,0.04515805318615153,11.0
3FX2,3MBA,0.03854166666666667,15.0
1ASH,3FX2,0.0384995064165844,20.0
1ECN,3FX2,0.034206306787814,16.0
1FLP,3FX2,0.045881126173096975,19.0
1GDJ,3FX2,0.046296296296296294,11.0
1HBG,3FX2,0.047569803516028956,22.0
1HSA,3FX2,0.04085603112840467,12.0
1LHS,3FX2,0.0453857791225416,12.0
1MYT,3FX2,0.03335070349140177,12.0
2LHB,3FX2,0.04041450777202073,10.0
1HLM,3FX2,0.028855721393034824,11.0
1HLB,3FX2,0.034326097930338216,13.0
1ENH,3FX2,0.04672192916352675,13.0
1FTZ,3FX2,0.03613620569840167,16.0
1HDP,3FX2,0.033022254127781765,12.0
1OCP,3FX2,0.03773584905660377,19.0
1POU,3FX2,0.046993780234968904,13.0
1FTT,3FX2,0.03210048848569435,13.0
1VND,3FX2,0.03471295060080107,18.0
1CLH,3FX2,0.03550863723608445,11.0
1GRG,3FX2,0.01885424220449601,14.0
1NHR,3FX2,0.0253099173553719,23.0
1LVL,3FX2,0.020660115898211137,25.0
1TDF,3FX2,0.03818301514154049,19.0
1VDC,3FX2,0.031665611146295125,23.0
1FLV,1OFV,0.7469026548672566,10.0
1FLV,2FRC,0.03600654664484452,7.0
1FLA,1FLV,0.12512218963831867,12.0
1FLV,5FD1,0.04186289900575615,10.0
1FDN,1FLV,0.02992843201040989,8.0
1FLV,1FXD,0.048020765736534715,9.0
1BLU,1FLV,0.03604651162790698,8.0
1FLV,1ROF,0.05644644002565747,9.0
1CLF,1FLV,0.033964728935336384,7.0
1FLV,2SPL,0.028931404573028466,6.0
1FLV,3MBA,0.035748792270531404,10.0
1ASH,1FLV,0.025735294117647058,15.0
1ECN,1FLV,0.0376051459673429,11.0
1FLP,1FLV,0.039651837524177946,14.0
1FLV,1GDJ,0.04202483285577841,8.0
1FLV,1HBG,0.036468330134357005,17.0
1FLV,1HSA,0.015280135823429542,7.0
1FLV,1LHS,0.02812939521800281,7.0
1FLV,1MYT,0.03866602223296278,9.0
1FLV,2LHB,0.03942307692307692,5.0
1FLV,1HLM,0.02962962962962963,6.0
1FLV,1HLB,0.04317221961520413,8.0
1ENH,1FLV,0.05010155721056195,10.0
1FLV,1FTZ,0.04782882315921964,11.0
1FLV,1HDP,0.03499675955930007,11.0
1FLV,1OCP,0.0480708412397217,12.0
1FLV,1POU,0.043832185347526614,8.0
1FLV,1FTT,0.03916614024005054,8.0
1FLV,1VND,0.03762135922330097,13.0
1CLH,1FLV,0.03491495076096687,10.0
1FLV,1GRG,0.019127595054816888,11.0
1FLV,1NHR,0.02536051715564396,20.0
1FLV,1LVL,0.021849963583394028,18.0
1FLV,1TDF,0.030112923462986198,16.0
1FLV,1VDC,0.04534461910519952,16.0
1OFV,2FRC,0.040415073730202075,7.0
1FLA,1OFV,0.1232876712328767,8.0
1OFV,5FD1,0.03981141959140912,10.0
1FDN,1OFV,0.02996742671009772,8.0
1FXD,1OFV,0.05847953216374269,9.0
1BLU,1OFV,0.03143189755529686,6.0
1OFV,1ROF,0.03982016698779704,9.0
1CLF,1OFV,0.032701111837802485,7.0
1OFV,2SPL,0.02802428771602055,6.0
1OFV,3MBA,0.0367504835589942,10.0
1ASH,1OFV,0.045998160073597055,13.0
1ECN,1OFV,0.0396235760277365,13.0
1FLP,1OFV,0.046466602129719266,14.0
1GDJ,1OFV,0.04684512428298279,8.0
1HBG,1OFV,0.04226705091258405,13.0
1HSA,1OFV,0.022108843537414966,7.0
1LHS,1OFV,0.039418113561708115,7.0
1MYT,1OFV,0.04450895016932753,9.0
1OFV,2LHB,0.032723772858517804,5.0
1HLM,1OFV,0.03243744207599629,4.0
1HLB,1OFV,0.035697510568341945,8.0
1ENH,1OFV,0.05152542372881356,10.0
1FTZ,1OFV,0.05419029615626969,11.0
1HDP,1OFV,0.03893575600259572,11.0
1OCP,1OFV,0.0506649778340722,14.0
1OFV,1POU,0.045141065830721,8.0
1FTT,1OFV,0.043010752688172046,6.0
1OFV,1VND,0.041312272174969626,13.0
1CLH,1OFV,0.03046594982078853,10.0
1GRG,1OFV,0.023337222870478413,9.0
1NHR,1OFV,0.024875621890547265,20.0
1LVL,1OFV,0.021860578090842846,22.0
1OFV,1TDF,0.02824858757062147,14.0
1OFV,1VDC,0.0411373260738052,18.0
1FLA,2FRC,0.042053184910327765,9.0
2FRC,5FD1,0.04048582995951417,7.0
1FDN,2FRC,0.05415162454873646,5.0
1FXD,2FRC,0.04316546762589928,8.0
1BLU,2FRC,0.05731990704879938,7.0
1ROF,2FRC,0.047787610619469026,8.0
1CLF,2FRC,0.06896551724137931,6.0
2FRC,2SPL,0.042007001166861145,3.0
2FRC,3MBA,0.04143814747105423,9.0
1ASH,2FRC,0.038923869490555235,14.0
1ECN,2FRC,0.059045226130653265,12.0
1FLP,2FRC,0.037827943868212324,9.0
1GDJ,2FRC,0.03963963963963964,5.0
1HBG,2FRC,0.047129909365558914,14.0
1HSA,2FRC,0.0267022696929239,4.0
1LHS,2FRC,0.036384976525821594,4.0
1MYT,2FRC,0.042682926829268296,6.0
2FRC,2LHB,0.04966686856450636,2.0
1HLM,2FRC,0.040439052570768345,3.0
1HLB,2FRC,0.038777908343125736,5.0
1ENH,2FRC,0.05725190839694656,7.0
1FTZ,2FRC,0.04482758620689655,8.0
1HDP,2FRC,0.05206463195691203,10.0
1OCP,2FRC,0.06770833333333333,13.0
1POU,2FRC,0.04794520547945205,7.0
1FTT,2FRC,0.04852686308492201,5.0
1VND,2FRC,0.05086136177194422,12.0
1CLH,2FRC,0.03434903047091413,7.0
1GRG,2FRC,0.025401762571280455,6.0
1NHR,2FRC,0.027275257445032005,17.0
1LVL,2FRC,0.020596205962059622,21.0
1TDF,2FRC,0.026096411743385284,13.0
1VDC,2FRC,0.0305661688086141,15.0
1FLA,5FD1,0.049557522123893805,12.0
1FDN,1FLA,0.05147615442846329,8.0
1FLA,1FXD,0.05886792452830188,11.0
1BLU,1FLA,0.041223404255319146,10.0
1FLA,1ROF,0.04318689501116903,11.0
1CLF,1FLA,0.045627376425855515,9.0
1FLA,2SPL,0.03528801245459263,8.0
1FLA,3MBA,0.038834951456310676,12.0
1ASH,1FLA,0.03979591836734694,17.0
1ECN,1FLA,0.038781163434903045,13.0
1FLA,1FLP,0.04427645788336933,14.0
1FLA,1GDJ,0.04046858359957402,10.0
1FLA,1HBG,0.03854389721627409,7.0
1FLA,1HSA,0.016632016632016633,9.0
1FLA,1LHS,0.038601982263954095,9.0
1FLA,1MYT,0.03453858607663249,11.0
1FLA,2LHB,0.03969957081545064,7.0
1FLA,1HLM,0.037037037037037035,8.0
1FLA,1HLB,0.03446475195822454,10.0
1ENH,1FLA,0.0380650277557494,10.0
1FLA,1FTZ,0.03932993445010925,11.0
1FLA,1HDP,0.04069329314242653,13.0
1FLA,1OCP,0.035164835164835165,16.0
1FLA,1POU,0.049239681390296886,10.0
1FLA,1FTT,0.036576444769568395,10.0
1FLA,1VND,0.03212290502793296,15.0
1CLH,1FLA,0.03468780971258672,10.0
1FLA,1GRG,0.02112503070498649,13.0
1FLA,1NHR,0.025223331581713086,22.0
1FLA,1LVL,0.026646169613118113,22.0
1FLA,1TDF,0.031628532974428,18.0
1FLA,1VDC,0.02910737386804657,18.0
1FDN,5FD1,0.2630691399662732,10.0
1FXD,5FD1,0.23697478991596638,7.0
1BLU,5FD1,0.18407596785975164,8.0
1ROF,5FD1,0.15066225165562913,7.0
1CLF,5FD1,0.27627118644067794,5.0
2SPL,5FD1,0.044642857142857144,6.0
3MBA,5FD1,0.031413612565445025,6.0
1ASH,5FD1,0.03616438356164384,13.0
1ECN,5FD1,0.04431137724550898,11.0
1FLP,5FD1,0.037274315666860805,14.0
1GDJ,5FD1,0.03671830177854274,6.0
1HBG,5FD1,0.03462204270051933,15.0
1HSA,5FD1,0.026602176541717048,7.0
1LHS,5FD1,0.03479236812570146,7.0
1MYT,5FD1,0.03143189755529686,9.0
2LHB,5FD1,0.0335454019664546,5.0
1HLM,5FD1,0.03316749585406302,6.0
1HLB,5FD1,0.03258426966292135,8.0
1ENH,5FD1,0.0497335701598579,10.0
1FTZ,5FD1,0.050080775444264945,11.0
1HDP,5FD1,0.05704697986577181,11.0
1OCP,5FD1,0.04715447154471545,12.0
1POU,5FD1,0.04173354735152488,6.0
1FTT,5FD1,0.05357142857142857,8.0
1VND,5FD1,0.05397070161912105,7.0
1CLH,5FD1,0.03186404673393521,10.0
1GRG,5FD1,0.022865853658536585,11.0
1NHR,5FD1,0.019068373740125308,18.0
1LVL,5FD1,0.018577494692144373,20.0
1TDF,5FD1,0.022559041240747268,12.0
1VDC,5FD1,0.02705444707473791,14.0
1FDN,1FXD,0.2867647058823529,7.0
1BLU,1FDN,0.4100502512562814,4.0
1FDN,1ROF,0.2733812949640288,7.0
1CLF,1FDN,0.7617866004962779,7.0
1FDN,2SPL,0.028208744710860368,4.0
1FDN,3MBA,0.03271375464684015,10.0
1ASH,1FDN,0.048242591316333565,17.0
1ECN,1FDN,0.030864197530864196,11.0
1FDN,1FLP,0.04616530156366344,12.0
1FDN,1GDJ,0.039444850255661065,6.0
1FDN,1HBG,0.03532008830022075,13.0
1FDN,1HSA,0.039735099337748346,5.0
1FDN,1LHS,0.03125,5.0
1FDN,1MYT,0.03869047619047619,7.0
1FDN,2LHB,0.04428044280442804,3.0
1FDN,1HLM,0.03484320557491289,4.0
1FDN,1HLB,0.03698435277382646,6.0
1ENH,1FDN,0.05851063829787234,8.0
1FDN,1FTZ,0.04861111111111111,9.0
1FDN,1HDP,0.05134474327628362,11.0
1FDN,1OCP,0.056074766355140186,14.0
1FDN,1POU,0.045871559633027525,8.0
1FDN,1FTT,0.039627039627039624,6.0
1FDN,1VND,0.03683640303358613,11.0
1CLH,1FDN,0.03313452617627568,8.0
1FDN,1GRG,0.01909039865244245,9.0
1FDN,1NHR,0.02062481043372763,18.0
1FDN,1LVL,0.020035356511490868,18.0
1FDN,1TDF,0.024360535931790498,14.0
1FDN,1VDC,0.03639179248935347,18.0
1BLU,1FXD,0.24224224224224225,3.0
1FXD,1ROF,0.4677804295942721,2.0
1CLF,1FXD,0.3037037037037037,2.0
1FXD,2SPL,0.0379746835443038,5.0
1FXD,3MBA,0.0340993328391401,5.0
1ASH,1FXD,0.041237113402061855,12.0
1ECN,1FXD,0.03230769230769231,8.0
1FLP,1FXD,0.0400890868596882,17.0
1FXD,1GDJ,0.043699927166788055,3.0
1FXD,1HBG,0.03521643433602348,14.0
1FXD,1HSA,0.0437636761487965,6.0
1FXD,1LHS,0.03824362606232295,6.0
1FXD,1MYT,0.04747774480712166,8.0
1FXD,2LHB,0.03679175864606328,4.0
1FXD,1HLM,0.04447533009034051,5.0
1FXD,1HLB,0.032624113475177303,7.0
1ENH,1FXD,0.05026455026455026,9.0
1FTZ,1FXD,0.059907834101382486,8.0
1FXD,1HDP,0.058394160583941604,10.0
1FXD,1OCP,0.05813953488372093,9.0
1FXD,1POU,0.04794520547945205,1.0
1FTT,1FXD,0.048723897911832945,7.0
1FXD,1VND,0.04746494066882417,6.0
1CLH,1FXD,0.0356906807666887,9.0
1FXD,1GRG,0.023555804823331465,12.0
1FXD,1NHR,0.025446834292638595,13.0
1FXD,1LVL,0.020011771630370805,15.0
1FXD,1TDF,0.02513173895419538,9.0
1FXD,1VDC,0.02551217626594511,15.0
1BLU,1ROF,0.1927236971484759,3.0
1BLU,1CLF,0.3741152679474216,3.0
1BLU,2SPL,0.042473454091193005,4.0
1BLU,3MBA,0.028795811518324606,6.0
1ASH,1BLU,0.03549571603427173,13.0
1BLU,1ECN,0.0392156862745098,9.0
1BLU,1FLP,0.0327653997378768,16.0
1BLU,1GDJ,0.03221649484536082,4.0
1BLU,1HBG,0.03631647211413749,15.0
1BLU,1HSA,0.03773584905660377,5.0
1BLU,1LHS,0.04399748585795098,5.0
1BLU,1MYT,0.0366732154551408,7.0
1BLU,2LHB,0.04291287386215865,3.0
1BLU,1HLM,0.03337453646477132,4.0
1BLU,1HLB,0.032724984266834484,6.0
1BLU,1ENH,0.040641711229946524,8.0
1BLU,1FTZ,0.04011461318051576,9.0
1BLU,1HDP,0.04795204795204795,9.0
1BLU,1OCP,0.061597690086621755,10.0
1BLU,1POU,0.04739336492890995,4.0
1BLU,1FTT,0.03650336215177714,6.0
1BLU,1VND,0.0379746835443038,7.0
1BLU,1CLH,0.034278959810874705,8.0
1BLU,1GRG,0.017623497997329773,11.0
1BLU,1NHR,0.021839080459770115,16.0
1BLU,1LVL,0.019569471624266144,16.0
1BLU,1TDF,0.026455026455026454,10.0
1BLU,1VDC,0.028922631959508314,16.0
1CLF,1ROF,0.2971014492753623,2.0
1ROF,2SPL,0.04027777777777778,5.0
1ROF,3MBA,0.04681784930504755,5.0
1ASH,1ROF,0.03801765105227427,12.0
1ECN,1ROF,0.03945371775417299,8.0
1FLP,1ROF,0.0380952380952381,17.0
1GDJ,1ROF,0.040258806613946804,3.0
1HBG,1ROF,0.06806661839246922,14.0
1HSA,1ROF,0.06736842105263158,6.0
1LHS,1ROF,0.055944055944055944,6.0
1MYT,1ROF,0.043923865300146414,8.0
1ROF,2LHB,0.04502541757443718,4.0
1HLM,1ROF,0.04392587508579272,5.0
1HLB,1ROF,0.0392156862745098,7.0
1ENH,1ROF,0.059431524547803614,9.0
1FTZ,1ROF,0.05191873589164785,10.0
1HDP,1ROF,0.05714285714285714,10.0
1OCP,1ROF,0.05239179954441914,9.0
1POU,1ROF,0.06040268456375839,3.0
1FTT,1ROF,0.05227272727272727,7.0
1ROF,1VND,0.04656084656084656,6.0
1CLH,1ROF,0.049640757674722404,9.0
1GRG,1ROF,0.017857142857142856,12.0
1NHR,1ROF,0.029526965953600482,15.0
1LVL,1ROF,0.02459016393442623,15.0
1ROF,1TDF,0.028169014084507043,9.0
1ROF,1VDC,0.035316698656429946,15.0
1CLF,2SPL,0.03824362606232295,3.0
1CLF,3MBA,0.037341299477221805,3.0
1ASH,1CLF,0.035986159169550176,8.0
1CLF,1ECN,0.03875968992248062,6.0
1CLF,1FLP,0.04338070306656694,13.0
1CLF,1GDJ,0.03815113719735877,3.0
1CLF,1HBG,0.03547671840354767,12.0
1CLF,1HSA,0.0447427293064877,4.0
1CLF,1LHS,0.028530670470756064,4.0
1CLF,1MYT,0.03886397608370702,6.0
1CLF,2LHB,0.04002965159377316,2.0
1CLF,1HLM,0.03219034289713086,3.0
1CLF,1HLB,0.03428571428571429,5.0
1CLF,1ENH,0.045576407506702415,7.0
1CLF,1FTZ,0.04428904428904429,8.0
1CLF,1HDP,0.046798029556650245,6.0
1CLF,1OCP,0.06823529411764706,7.0
1CLF,1POU,0.057736720554272515,1.0
1CLF,1FTT,0.046948356807511735,5.0
1CLF,1VND,0.04362050163576881,6.0
1CLF,1CLH,0.02927478376580173,7.0
1CLF,1GRG,0.021934758155230598,10.0
1CLF,1NHR,0.0176238225463385,15.0
1CLF,1LVL,0.02243211334120425,15.0
1CLF,1TDF,0.02197802197802198,9.0
1CLF,1VDC,0.03259604190919674,11.0
2SPL,3MBA,0.1353152229625833,4.0
1ASH,2SPL,0.07292173067574137,11.0
1ECN,2SPL,0.0946372239747634,9.0
1FLP,2SPL,0.09338122113904566,10.0
1GDJ,2SPL,0.09924050632911392,4.0
1HBG,2SPL,0.1099236641221374,13.0
1HSA,2SPL,0.028328611898016998,1.0
1LHS,2SPL,0.6772591857000994,1.0
1MYT,2SPL,0.40307692307692305,3.0
2LHB,2SPL,0.1703212646608873,1.0
1HLM,2SPL,0.13130818226359628,2.0
1HLB,2SPL,0.12922465208747516,4.0
1ENH,2SPL,0.045655375552282766,6.0
1FTZ,2SPL,0.04897959183673469,7.0
1HDP,2SPL,0.037921348314606744,7.0
1OCP,2SPL,0.03556771545827633,10.0
1POU,2SPL,0.05142083897158322,4.0
1FTT,2SPL,0.050546448087431695,4.0
1VND,2SPL,0.03924133420536298,9.0
1CLH,2SPL,0.03593380614657211,6.0
1GRG,2SPL,0.02015355086372361,7.0
1NHR,2SPL,0.023571611580835254,16.0
1LVL,2SPL,0.026,16.0
1TDF,2SPL,0.021505376344086023,12.0
1VDC,2SPL,0.026967701473816243,14.0
1ASH,3MBA,0.07358870967741936,11.0
1ECN,3MBA,0.15418261344997267,9.0
1FLP,3MBA,0.21641791044776118,16.0
1GDJ,3MBA,0.13038906414300735,6.0
1HBG,3MBA,0.12684989429175475,13.0
1HSA,3MBA,0.038539553752535496,3.0
1LHS,3MBA,0.1164348274085523,5.0
1MYT,3MBA,0.1662226957911561,7.0
2LHB,3MBA,0.2277542372881356,5.0
1HLM,3MBA,0.11585365853658537,6.0
1HLB,3MBA,0.13821557503867973,8.0
1ENH,3MBA,0.04202334630350195,8.0
1FTZ,3MBA,0.03722261989978525,11.0
1HDP,3MBA,0.037009622501850484,9.0
1OCP,3MBA,0.03599712023038157,10.0
1POU,3MBA,0.04412811387900356,4.0
1FTT,3MBA,0.041696621135873475,8.0
1VND,3MBA,0.034340659340659344,7.0
1CLH,3MBA,0.034280117531831536,10.0
1GRG,3MBA,0.022954822954822957,13.0
1NHR,3MBA,0.028720626631853787,18.0
1LVL,3MBA,0.02291825821237586,14.0
1TDF,3MBA,0.022696929238985315,8.0
1VDC,3MBA,0.028883183568677792,12.0
1ASH,1ECN,0.040310077519379844,12.0
1ASH,1FLP,0.044399596367305755,17.0
1ASH,1GDJ,0.055776892430278883,13.0
1ASH,1HBG,0.055055055055055056,20.0
1ASH,1HSA,0.02197802197802198,12.0
1ASH,1LHS,0.05862237420615535,12.0
1ASH,1MYT,0.06757438224911749,14.0
1ASH,2LHB,0.09829488465396188,10.0
1ASH,1HLM,0.05303760848601736,11.0
1ASH,1HLB,0.05183374083129584,13.0
1ASH,1ENH,0.04457225017972682,15.0
1ASH,1FTZ,0.04524284763805722,16.0
1ASH,1HDP,0.04392587508579272,10.0
1ASH,1OCP,0.04013377926421405,15.0
1ASH,1POU,0.05559232296492389,9.0
1ASH,1FTT,0.06279225116900468,13.0
1ASH,1VND,0.04225352112676056,16.0
1ASH,1CLH,0.027932960893854747,15.0
1ASH,1GRG,0.018567007855272554,16.0
1ASH,1NHR,0.023882113821138213,25.0
1ASH,1LVL,0.018844532606000497,23.0
1ASH,1TDF,0.025145067698259187,17.0
1ASH,1VDC,0.024208566108007448,17.0
1ECN,1FLP,0.1959496442255063,11.0
1ECN,1GDJ,0.05828386400431732,9.0
1ECN,1HBG,0.09549647314161692,14.0
1ECN,1HSA,0.04055496264674493,10.0
1ECN,1LHS,0.09725158562367865,10.0
1ECN,1MYT,0.11597374179431072,12.0
1ECN,2LHB,0.09026644915715062,8.0
1ECN,1HLM,0.1156852527357999,9.0
1ECN,1HLB,0.13333333333333333,11.0
1ECN,1ENH,0.04692556634304207,13.0
1ECN,1FTZ,0.04154302670623145,14.0
1ECN,1HDP,0.05222734254992319,12.0
1ECN,1OCP,0.03731343283582089,13.0
1ECN,1POU,0.04277286135693215,7.0
1ECN,1FTT,0.037257824143070044,11.0
1ECN,1VND,0.03553660270078181,12.0
1CLH,1ECN,0.04315102860010035,11.0
1ECN,1GRG,0.023727137913989126,14.0
1ECN,1NHR,0.020629463104998677,21.0
1ECN,1LVL,0.02320783909231563,19.0
1ECN,1TDF,0.028503562945368172,15.0
1ECN,1VDC,0.029996739484838605,15.0
1FLP,1GDJ,0.10947368421052632,14.0
1FLP,1HBG,0.13333333333333333,17.0
1FLP,1HSA,0.04878048780487805,11.0
1FLP,1LHS,0.0814853017019082,11.0
1FLP,1MYT,0.10026666666666667,13.0
1FLP,2LHB,0.13149522799575822,9.0
1FLP,1HLM,0.08952187182095625,10.0
1FLP,1HLB,0.10221992772328342,12.0
1ENH,1FLP,0.05144193296960249,14.0
1FLP,1FTZ,0.04014336917562724,13.0
1FLP,1HDP,0.04892512972572276,15.0
1FLP,1OCP,0.05767844268204758,20.0
1FLP,1POU,0.05844618674269423,14.0
1FLP,1FTT,0.04319654427645788,12.0
1FLP,1VND,0.039889958734525444,21.0
1CLH,1FLP,0.041176470588235294,10.0
1FLP,1GRG,0.021500122159784998,9.0
1FLP,1NHR,0.02246603970741902,26.0
1FLP,1LVL,0.021910828025477707,28.0
1FLP,1TDF,0.036072144288577156,24.0
1FLP,1VDC,0.021836865767501604,18.0
1GDJ,1HBG,0.11691022964509394,13.0
1GDJ,1HSA,0.027722772277227723,5.0
1GDJ,1LHS,0.07837150127226464,5.0
1GDJ,1MYT,0.0873224618621778,7.0
1GDJ,2LHB,0.10146443514644352,3.0
1GDJ,1HLM,0.142570281124498,4.0
1GDJ,1HLB,0.17116658176260827,6.0
1ENH,1GDJ,0.04736440030557677,6.0
1FTZ,1GDJ,0.03237156931738212,9.0
1GDJ,1HDP,0.03490909090909091,11.0
1GDJ,1OCP,0.03680113234253362,10.0
1GDJ,1POU,0.03778866340097971,4.0
1FTT,1GDJ,0.04240282685512368,6.0
1GDJ,1VND,0.03513513513513514,7.0
1CLH,1GDJ,0.02904162633107454,8.0
1GDJ,1GRG,0.019907744598203447,9.0
1GDJ,1NHR,0.022314478463933574,12.0
1GDJ,1LVL,0.020248038471273096,14.0
1GDJ,1TDF,0.02781456953642384,10.0
1GDJ,1VDC,0.02802547770700637,16.0
1HBG,1HSA,0.046,12.0
1HBG,1LHS,0.06240409207161125,14.0
1HBG,1MYT,0.10364886303543099,16.0
1HBG,2LHB,0.10935856992639327,12.0
1HBG,1HLM,0.11907164480322906,13.0
1HBG,1HLB,0.11879160266257041,15.0
1ENH,1HBG,0.04157043879907621,15.0
1FTZ,1HBG,0.041105598866052445,18.0
1HBG,1HDP,0.035164835164835165,18.0
1HBG,1OCP,0.04989308624376337,17.0
1HBG,1POU,0.04369274136715997,13.0
1FTT,1HBG,0.04555160142348755,15.0
1HBG,1VND,0.03945578231292517,18.0
1CLH,1HBG,0.037937743190661476,17.0
1GRG,1HBG,0.019469457288878073,18.0
1HBG,1NHR,0.022892819979188347,25.0
1HBG,1LVL,0.022836843440751077,21.0
1HBG,1TDF,0.03521594684385382,19.0
1HBG,1VDC,0.024920127795527155,17.0
1HSA,1LHS,0.02669208770257388,2.0
1HSA,1MYT,0.03451776649746193,4.0
1HSA,2LHB,0.0321285140562249,2.0
1HLM,1HSA,0.024163568773234202,3.0
1HLB,1HSA,0.030563514804202482,5.0
1ENH,1HSA,0.061068702290076333,5.0
1FTZ,1HSA,0.047524752475247525,8.0
1HDP,1HSA,0.0392156862745098,8.0
1HSA,1OCP,0.0482897384305835,11.0
1HSA,1POU,0.03508771929824561,5.0
1FTT,1HSA,0.06813627254509018,5.0
1HSA,1VND,0.0425531914893617,10.0
1CLH,1HSA,0.03130434782608696,7.0
1GRG,1HSA,0.013737121448641898,8.0
1HSA,1NHR,0.010891763104152484,17.0
1HSA,1LVL,0.012520593080724876,15.0
1HSA,1TDF,0.017110266159695818,11.0
1HSA,1VDC,0.019784172661870502,15.0
1LHS,1MYT,0.40824742268041236,4.0
1LHS,2LHB,0.20297283444387493,2.0
1HLM,1LHS,0.11029049729197439,3.0
1HLB,1LHS,0.13486513486513488,5.0
1ENH,1LHS,0.037091988130563795,7.0
1FTZ,1LHS,0.04246575342465753,8.0
1HDP,1LHS,0.05233380480905234,8.0
1LHS,1OCP,0.03443526170798898,11.0
1LHS,1POU,0.04495912806539509,5.0
1FTT,1LHS,0.048143053645116916,5.0
1LHS,1VND,0.04476629361421988,10.0
1CLH,1LHS,0.0342042755344418,7.0
1GRG,1LHS,0.025012025012025013,8.0
1LHS,1NHR,0.026714615977395325,17.0
1LHS,1LVL,0.02355889724310777,17.0
1LHS,1TDF,0.024844720496894408,13.0
1LHS,1VDC,0.029569046870084933,15.0
1MYT,2LHB,0.18124006359300476,4.0
1HLM,1MYT,0.1392984239959329,5.0
1HLB,1MYT,0.15067079463364294,7.0
1ENH,1MYT,0.045171339563862926,9.0
1FTZ,1MYT,0.04871060171919771,10.0
1HDP,1MYT,0.04,8.0
1MYT,1OCP,0.040345821325648415,13.0
1MYT,1POU,0.045584045584045586,7.0
1FTT,1MYT,0.03884892086330935,7.0
1MYT,1VND,0.032989690721649485,12.0
1CLH,1MYT,0.036256736893679566,9.0
1GRG,1MYT,0.02247191011235955,6.0
1MYT,1NHR,0.02454949072864978,19.0
1LVL,1MYT,0.02292409577177789,17.0
1MYT,1TDF,0.032053422370617694,15.0
1MYT,1VDC,0.02375601926163724,17.0
1HLM,2LHB,0.19211324570273003,1.0
1HLB,2LHB,0.16521292970754234,3.0
1ENH,2LHB,0.03397683397683398,5.0
1FTZ,2LHB,0.05685856432125089,6.0
1HDP,2LHB,0.03379867744305658,6.0
1OCP,2LHB,0.04431736954967834,9.0
1POU,2LHB,0.03816254416961131,3.0
1FTT,2LHB,0.047109207708779445,3.0
1VND,2LHB,0.036834924965893585,8.0
1CLH,2LHB,0.03313840155945419,5.0
1GRG,2LHB,0.02046285018270402,6.0
1NHR,2LHB,0.021875,15.0
1LVL,2LHB,0.02235204470408941,17.0
1TDF,2LHB,0.020625415834996674,11.0
1VDC,2LHB,0.02495201535508637,13.0
1HLB,1HLM,0.657466732380483,4.0
1ENH,1HLM,0.05381818181818182,6.0
1FTZ,1HLM,0.03093476798924008,7.0
1HDP,1HLM,0.041637751561415685,7.0
1HLM,1OCP,0.05273833671399594,10.0
1HLM,1POU,0.036120401337792644,4.0
1FTT,1HLM,0.05536799459824443,2.0
1HLM,1VND,0.047865459249676584,9.0
1CLH,1HLM,0.03470919324577861,6.0
1GRG,1HLM,0.01863799283154122,7.0
1HLM,1NHR,0.018367346938775512,16.0
1HLM,1LVL,0.017923823749066467,18.0
1HLM,1TDF,0.0304601425793908,10.0
1HLM,1VDC,0.021210230817217717,14.0
1ENH,1HLB,0.05943536404160475,8.0
1FTZ,1HLB,0.06172839506172839,9.0
1HDP,1HLB,0.042492917847025496,9.0
1HLB,1OCP,0.04275862068965517,10.0
1HLB,1POU,0.054570259208731244,6.0
1FTT,1HLB,0.0440771349862259,6.0
1HLB,1VND,0.04878048780487805,11.0
1CLH,1HLB,0.03233475986685687,8.0
1GRG,1HLB,0.01973051010587103,9.0
1HLB,1NHR,0.02467232074016962,18.0
1HLB,1LVL,0.018555667001003008,18.0
1HLB,1TDF,0.02551521099116781,14.0
1HLB,1VDC,0.025180988353792885,16.0
1ENH,1FTZ,0.44776119402985076,7.0
1ENH,1HDP,0.19788918205804748,11.0
1ENH,1OCP,0.19095477386934673,14.0
1ENH,1POU,0.07635467980295567,8.0
1ENH,1FTT,0.38847117794486213,8.0
1ENH,1VND,0.34530706836616454,11.0
1CLH,1ENH,0.03864734299516908,10.0
1ENH,1GRG,0.017133066818960593,11.0
1ENH,1NHR,0.022242817423540315,18.0
1ENH,1LVL,0.01919616076784643,18.0
1ENH,1TDF,0.021639617145235122,12.0
1ENH,1VDC,0.030122869599682918,18.0
1FTZ,1HDP,0.2367816091954023,12.0
1FTZ,1OCP,0.20044052863436124,13.0
1FTZ,1POU,0.07142857142857142,7.0
1FTT,1FTZ,0.3230769230769231,9.0
1FTZ,1VND,0.3405128205128205,12.0
1CLH,1FTZ,0.04228058936579116,11.0
1FTZ,1GRG,0.01770890979524073,12.0
1FTZ,1NHR,0.01851298895192595,19.0
1FTZ,1LVL,0.022634939059779455,21.0
1FTZ,1TDF,0.02385685884691849,15.0
1FTZ,1VDC,0.019734345351043642,15.0
1HDP,1OCP,0.5452436194895591,13.0
1HDP,1POU,0.0774487471526196,7.0
1FTT,1HDP,0.25,9.0
1HDP,1VND,0.2023681377825619,14.0
1CLH,1HDP,0.036963696369636964,9.0
1GRG,1HDP,0.01905829596412556,14.0
1HDP,1NHR,0.021798365122615803,23.0
1HDP,1LVL,0.022941176470588236,23.0
1HDP,1TDF,0.024301336573511544,17.0
1HDP,1VDC,0.022402471996910003,15.0
1OCP,1POU,0.056768558951965066,8.0
1FTT,1OCP,0.2106430155210643,12.0
1OCP,1VND,0.20062047569803515,13.0
1CLH,1OCP,0.0412105602060528,14.0
1GRG,1OCP,0.019412090959511925,17.0
1NHR,1OCP,0.020951810835079316,22.0
1LVL,1OCP,0.02210587550901687,22.0
1OCP,1TDF,0.023932987634623055,16.0
1OCP,1VDC,0.02893033878949372,16.0
1FTT,1POU,0.06535947712418301,6.0
1POU,1VND,0.061037639877924724,7.0
1CLH,1POU,0.03824091778202677,8.0
1GRG,1POU,0.018221976808393152,11.0
1NHR,1POU,0.025022341376228777,14.0
1LVL,1POU,0.024898668210770122,16.0
1POU,1TDF,0.024573919936583432,10.0
1POU,1VDC,0.0340522133938706,12.0
1FTT,1VND,0.7223942208462333,11.0
1CLH,1FTT,0.03987138263665595,8.0
1FTT,1GRG,0.01662971175166297,9.0
1FTT,1NHR,0.02572539635058331,18.0
1FTT,1LVL,0.02616279069767442,20.0
1FTT,1TDF,0.024711040255081706,12.0
1FTT,1VDC,0.031190566755420313,16.0
1CLH,1VND,0.0345679012345679,13.0
1GRG,1VND,0.016879934658317452,16.0
1NHR,1VND,0.025821596244131457,19.0
1LVL,1VND,0.01825962910128388,19.0
1TDF,1VND,0.02564102564102564,9.0
1VDC,1VND,0.03192279138827023,17.0
1CLH,1GRG,0.02535806527353839,9.0
1CLH,1NHR,0.02503755633450175,20.0
1CLH,1LVL,0.024932779271571743,22.0
1CLH,1TDF,0.02911392405063291,14.0
1CLH,1VDC,0.027439024390243903,14.0
1GRG,1NHR,0.04729617992392922,21.0
1GRG,1LVL,0.18977864583333334,21.0
1GRG,1TDF,0.06867446767696145,19.0
1GRG,1VDC,0.05962872679542471,21.0
1LVL,1NHR,0.07858479333219935,26.0
1NHR,1TDF,0.08771220695230396,22.0
1NHR,1VDC,0.06748224151539069,28.0
1LVL,1TDF,0.05867195242814668,20.0
1LVL,1VDC,0.05614714424007745,20.0
1TDF,1VDC,0.41048653755314124,16.0
